database_identifier	chemical_formula	smiles	inchi	metabolite_identification	mass_to_charge	fragmentation	modifications	charge	retention_time	taxid	species	database	database_version	reliability	uri	search_engine	search_engine_score	smallmolecule_abundance_sub	smallmolecule_abundance_stdev_sub	smallmolecule_abundance_std_error_sub	D5-1	D5-2	D5-3	D5-4	D5-5	D1-6	D1-5	Uterus-D4-6	Uterus-D5IIS-6	D1-4	Uterus-D5IIS-7	D1-3	Uterus-D4-4	D1-2	Uterus-D4-5	D1-1	Uterus-D4-2	Uterus-D4-3	Uterus-D4-1	Uterus-D5IIS-4	Uterus-D5IIS-5	Uterus-D5IIS-2	Uterus-D1-5	Uterus-D1-6	Uterus-D1-1	Uterus-D1-2	Uterus-D1-3	Uterus-D1-4	D4-4	D4-3	D4-2	D4-1	D4-6	D4-5	Uterus-D5IS-5	Uterus-unDec-8	Uterus-D5IS-6	Uterus-D5IS-4	Uterus-D5IS-2	Uterus-D5IS-7	Uterus-unDec-2	Uterus-unDec-1	Uterus-unDec-4	Uterus-unDec-3	Uterus-Dec-1	Uterus-PD5-1	Uterus-PD5-2	Uterus-Dec-4	Uterus-PD5-3	Uterus-PD5-4	Uterus-Dec-2	Uterus-Dec-3	Uterus-Dec-8	PD5-1	PD5-3	PD5-2	PD5-4
CHEBI:149651	C16H32O2	C(O)(=O)CCCCCCCCC(CCC(C)C)C	InChI=1S/C16H32O2/c1-14(2)12-13-15(3)10-8-6-4-5-7-9-11-16(17)18/h14-15H,4-13H2,1-3H3,(H,17,18)	10,13-dimethyltetradecanoic acid  (C17_0)	74				21.551			MCF in house library		MSI:1							1856747.229	1399624.991	1319884.64	1247927.863	1361904.318	1724507.599	1663517.613	1389674.906	964025.4384	1325012.954	970465.6855	1251184.394	928760.1052	1338496.475	1016349.571	1378213.767	922875.9217	1055209.03	1052134.015	924299.1517	866821.4143	955565.7259	1290314.377	788979.9061	977024.8787	957124.5273	834918.5547	1206404.45	1415746.643	1359690.515	1230937.034	1236348.057	982092.4756	1036224.741	977217.4145	966772.1988	1129607.186	1011926.237	1197083.704	1096361.958	1029413.211	897253.2703	679527.0271	1014299.386	599267.1485	933498.2271	984053.9932	614059.8642	1045464.363	1040674.018	706053.5621	702690.0173	590910.6871	1140855.825	1207563.48	1052136.397	1020911.875
CHEBI:144355	C21H38O2	C(CCCCC/C=C\C/C=C\CCCCC)CCCC(OC)=O	InChI=1S/C21H38O2/c1-3-4-5-6-7-8-9-10-11-12-13-14-15-16-17-18-19-20-21(22)23-2/h7-8,10-11H,3-6,9,12-20H2,1-2H3/b8-7-,11-10-	11,14-Eicosadienoic (C20_2n-6,9c)	67				26.951			MCF in house library		MSI:1							4106.827043	4043.945492	4408.16917	3629.555386	3562.581087	3668.013328	2980.691393	6344.921156	5265.631532	2590.151706	6870.767381	3098.021704	4620.263989	2828.787593	4114.502793	1969.878694	4698.989818	4833.029058	5742.908233	4966.284969	5643.368583	5145.337577	7517.252149	2201.612034	6632.56739	4932.82438	6986.090254	6062.6886	5753.165556	4037.993685	2856.724274	2130.527901	2111.947352	3264.079703	5764.780751	2488.312388	5930.283371	5428.537432	5290.270721	6376.189367	2633.708702	2957.015815	1302.257487	3404.872261	2267.215757	5307.19218	4353.616536	2437.20575	5107.001521	3165.541283	2819.835387	2920.139251	2418.049329	2756.28142	2996.103326	2506.041343	2947.564156
CHEBI:18053	C4H7NO2	NC1(CC1)C(O)=O	InChI=1S/C4H7NO2/c5-4(1-2-4)3(6)7/h1-2,5H2,(H,6,7)	1-Aminocyclopropane-1-carboxylic acid	141				13.211			MCF in house library		MSI:1														574.2436061	510.606694		614.0044543		606.6925396		750.8138708		538.5737952	459.2022274	456.865152	513.8829613	510.1669879	455.4053684	450.9560139	746.8451874	679.5931118	762.3830495	702.4206101	352.9064018							484.4502149	819.3836752	360.9244234	437.4195669	542.9761407	479.0607756	841.531988	909.0892559	694.5373264	510.2669601	464.8570522	565.1215052	660.8441123	586.0281828	494.7924208	563.9490702	540.7515653	539.3734873	643.3083395				
CHEBI:62064	C4H10O2	CC(O)C(C)O	InChI=1S/C4H10O2/c1-3(5)4(2)6/h3-6H,1-2H3	2,3-Butanediol	45				6.309			MCF in house library		MSI:1														1455.109091	1530.047142		1434.320981		1326.541507		1275.955766		1232.420101	1376.614885	1483.867808	1600.72667	1523.224414	1619.926788	1389.788417	1943.743664	1548.688149	1861.656987	1879.474268	1894.742302							1859.121901	1240.386024	1843.211521	1646.700443	1498.660261	1897.319704	1483.93323	1016.040933	1584.73722	1199.127356	2294.194068	1229.242398	1631.713858	2249.493597	1111.47525	1300.796106	2039.37894	1936.622907	1812.36136				
CHEBI:37024	C6H11NO4	NC(CCCC(O)=O)C(O)=O	InChI=1S/C6H11NO4/c7-4(6(10)11)2-1-3-5(8)9/h4H,1-3,7H2,(H,8,9)(H,10,11)	2-Aminoadipic acid	114				20.135			MCF in house library		MSI:1							2474.525259	4195.045566	1122.918957	1286.458785	1122.566337	1296.171376	3634.67176	1894.869417	1782.691079	2722.062756	2929.467035	1135.115152	3345.948526	4020.90371	2129.445038	3858.538567	3144.490165	2137.323542	1901.087636	1889.5514	1747.988951	3093.359542	1020.584663	1711.418858	1472.887379	2892.934599	1910.329954	2088.232364	1407.434673	5325.831177	1023.114976	1326.951039	5676.027519	4886.562564	1621.31696	1959.231824	1743.333064	1555.059626	2416.301467	2075.598038	1408.918223	1858.780537	1556.230091	1325.534399	7199.058546	2819.832562	2785.131591	5471.122488	1854.180366	2124.67232	6229.495781	8481.928177	12936.70498	2377.562596	3314.366852	3296.543506	1184.365798
CHEBI:35619	C4H9NO2	CC[C@H](N)C(O)=O	InChI=1S/C4H9NO2/c1-2-3(5)4(6)7/h3H,2,5H2,1H3,(H,6,7)/t3-/m0/s1	2-Aminobutyric acid	116				12.253			MCF in house library		MSI:1							4068.903284	9947.229299	7555.879003	9636.321424	4987.157657	7960.195591	8329.781805	1847.800269	2043.313246	7940.374436	2963.167413	8050.890963	2860.24632	8032.960547	3125.182522	16068.43458	3577.478653	3194.579642	2353.233107	3492.153554	2558.111489	4102.89452	2734.744949	3036.035159	2176.004868	2680.703642	3376.882546	1714.638345	5566.18307	6959.51535	8836.4363	8301.158828	7885.324557	8448.379267	3765.981598	2625.295241	2363.033489	4564.090556	3549.519187	3024.755874	2610.522245	3159.03565	2537.134487	2587.285427	3379.552275	4148.074348	3098.216687	2797.368904	3259.018972	2244.19239	4547.786724	3690.787126	3080.167853	9724.347961	7379.076852	9952.061725	10520.06722
CHEBI:149652	C8H9NO2	OC(=O)CC=1C(N)=CC=CC1	InChI=1S/C8H9NO2/c9-7-4-2-1-3-6(7)5-8(10)11/h1-4H,5,9H2,(H,10,11)	2-Aminophenylacetic acid	164				19.753			MCF in house library		MSI:1							483.5279242	347.1841395	400.8319637	552.1089692	495.7526464	810.8362796	644.8611188	0	263.2815766	622.6648685	271.2469477	790.1194554	242.8511027	724.3377145	253.4798965	889.5394624	193.4251851	196.3758985	167.0767188	315.0815237	253.8707357	227.1719087	234.7081008	305.3064202	465.2598996	456.3995823	296.759095	411.3184959	712.9282965	741.5451365	750.024229	576.452219	565.1690097	619.7340517	392.5107581	0	291.6904931	257.9169368	358.525647	270.9033908	218.225475	0	203.4372393	0	397.4112746	186.448847	249.8561844	315.9058173	0	194.9453576	435.0549242	346.511454	308.48704	917.5610472	783.0125823	665.6397531	952.6420549
CHEBI:1148	C4H8O3	CCC(O)C(O)=O	InChI=1S/C4H8O3/c1-2-3(5)4(6)7/h3,5H,2H2,1H3,(H,6,7)	2-Hydroxybutyric acid	117				10.512			MCF in house library		MSI:1							2883.785823	4721.012236	2071.947577	3125.924278	1873.603105	1620.505888	2946.8199			1524.802299		1794.374171		1392.276615		3387.985083													2135.100506	1547.482148	1330.342065	3575.978754	1979.443613	2299.558854																				2906.509552	1293.077306	2409.31694	1293.075702
CHEBI:18176	C9H8O3	[H]C(=Cc1ccccc1O)C(O)=O	InChI=1S/C9H8O3/c10-8-4-2-1-3-7(8)5-6-9(11)12/h1-6,10H,(H,11,12)	2-Hydroxycinnamic acid	161				20.077			MCF in house library		MSI:1							11841.69367	15310.70521	9919.608671	9626.446304	8534.923147	13295.38164	11771.6466			13568.95184		17329.0942		11962.07795		14467.26355													7771.28687	10463.67962	13856.42942	11232.79484	10627.34071	13291.5678																				13139.11437	12523.98591	12881.93181	13710.79826
CHEBI:149653	C5H9NO4	OC(CCC(=O)N)C(O)=O	InChI=1S/C5H9NO4/c6-4(8)2-1-3(7)5(9)10/h3,7H,1-2H2,(H2,6,8)(H,9,10)	2-Hydroxyglutaramic acid	85				14.386			MCF in house library		MSI:1							2134.791587	2190.374355	1776.235761	2197.663019	2034.295342	1706.839535	1490.345697			1333.643067		1291.75113		1982.805377		1982.77057													1591.653871	2060.539987	1467.862763	2799.5581	2282.309302	2234.865382																				2064.512356	1354.200765	1991.643383	1598.22631
CHEBI:50129	C4H8O3	CC(C)(O)C(O)=O	InChI=1S/C4H8O3/c1-4(2,7)3(5)6/h7H,1-2H3,(H,5,6)	2-Hydroxyisobutyric acid	73				10.504			MCF in house library		MSI:1														422.2774996	485.7855353		516.191161		239.3693664		457.7611634		589.1482702	550.4475944	279.4051343	440.7390361	417.9973578	680.4541752	359.9736602	429.3751647	288.8270725	526.4564031	302.204216	365.0755881							525.9997771	208.6160891	357.519476	648.0989695	760.8582863	479.0607756	499.1907741	245.5927402	243.6063757	281.8065257	308.1753226	350.6228317	370.1950814	178.5554619	275.8028734	265.7290886	565.2882855	356.1145428	196.5664371				
CHEBI:144310	C19H38O2	OC(C(CCCCCCCCCCCCCCCC)C)=O	InChI=1S/C19H38O2/c1-3-4-5-6-7-8-9-10-11-12-13-14-15-16-17-18(2)19(20)21/h18H,3-17H2,1-2H3,(H,20,21)	2-Methyloctadecanoic acid	88				25.065			MCF in house library		MSI:1														1804.765619	1096.563334		1221.433225		1176.826849		1032.101688		1476.419762	1032.461164	1282.809383	858.9722491	1028.419031	768.5629061	1418.797283	751.7106283	978.875463	809.7744283	1048.185794	1034.380833							901.7139036	693.7113323	893.2311987	729.3475283	881.9039227	1188.19024	1208.423568	806.098752	583.1003673	1549.356042	693.135069	1135.19298	1471.601935	898.1187124	820.1778332	1204.483817	843.6856882	925.0975538	1002.58288				
CHEBI:30831	C4H6O3	CCC(=O)C(O)=O	InChI=1S/C4H6O3/c1-2-3(5)4(6)7/h2H2,1H3,(H,6,7)	2-Oxobutyric acid	57				6.905			MCF in house library		MSI:1							0	0	151.2944177	172.365727	0	0	0			178.8624398		0		0		0													0	196.2913597	0	0	0	119.0948																				0	169.6702904	145.9659168	0
CHEBI:30915	C5H6O5	OC(=O)CCC(=O)C(O)=O	InChI=1S/C5H6O5/c6-3(5(9)10)1-2-4(7)8/h1-2H2,(H,7,8)(H,9,10)	2-Oxoglutaric acid	115				14.081			MCF in house library		MSI:1							38416.76763	55863.19683	40043.89912	45518.91573	36879.43825	36297.46522	35684.92074			32329.38599		36815.40288		27062.58404		37107.97665													30823.55622	39391.21	44864.90836	35698.06889	31656.67563	38204.43559																				42495.67046	50669.23951	45407.7105	53080.94829
CHEBI:33033	C5H8O3	CCCC(=O)C(O)=O	InChI=1S/C5H8O3/c1-2-3-4(6)5(7)8/h2-3H2,1H3,(H,7,8)	2-Oxovaleric acid	71				5.95			MCF in house library		MSI:1							1880.386372	1411.805272	1292.879569	1376.232601	1461.04573	1293.838035	1517.703441	1022.072929	931.6799226	1419.720616	558.9331043	1149.985657	510.074359	1393.382474	783.9694691	1494.168459	724.0135369	804.347746	769.3080555	594.5288275	637.9108613	844.9945763	1058.823623	813.7450006	554.1297681	995.2189538	757.7793404	887.1336791	1223.215475	1572.408035	1444.454985	1547.903817	1100.592282	916.7358985	629.4316661	891.0169106	786.5428471	734.0712817	1373.003362	959.1175196	767.8808902	665.4771024	945.9183736	766.5601378	807.2740773	640.196041	749.5685533	650.8880728	649.7378553	743.8093703	634.1798462	650.6092658	718.5490809	1104.671535	1430.078162	1033.192483	1384.620885
CHEBI:15768	C9H9I2NO3	N[C@@H](Cc1cc(I)c(O)c(I)c1)C(O)=O	InChI=1S/C9H9I2NO3/c10-5-1-4(2-6(11)8(5)13)3-7(12)9(14)15/h1-2,7,13H,3,12H2,(H,14,15)/t7-/m0/s1	3,5-Diiodo-L-tyrosine	429				11.476			MCF in house library		MSI:1														7873.996051	11663.2852		8959.368878		8773.975322		5926.295809		6125.722376	1495.630581	696.6249631	4877.199419	5940.090111	12696.14966	2319.390726	5529.573651	2839.915062	1159.028285	6254.628999	3987.842341							2404.57041	7471.22078	972.6799712	1043.004756	2091.207472	5080.434546	4041.263015	11545.82967	10705.72274	8277.92173	6126.151867	11371.72968	4689.137698	5691.646114	6558.323757	8273.573807	9491.935852	5924.305528	19517.44833				
CHEBI:35932	C6H10O3	CCC(C)C(=O)C(O)=O	InChI=1S/C6H10O3/c1-3-4(2)5(7)6(8)9/h4H,3H2,1-2H3,(H,8,9)	3-Methyl-2-oxopentanoic acid	57				7.87			MCF in house library		MSI:1							4798.93564	6417.71612	5124.361576	5515.703263	5004.252576	6953.358599	11332.61994			7011.40764		4598.951259		3580.771786		9824.898903													6016.599009	6406.991523	5187.748861	9950.281236	6453.022234	5543.789423																				5171.625941	8057.758013	8001.746041	9583.636288
CHEBI:16865	C4H9NO2	NCCCC(O)=O	InChI=1S/C4H9NO2/c5-3-1-2-4(6)7/h1-3,5H2,(H,6,7)	4-Aminobutyric acid (GABA)	102				14.893			MCF in house library		MSI:1							10182.52923	8919.518109	8171.863417	8998.927329	9352.060268	7630.027724	7862.09465	9154.276878	9153.688755	8435.599817	10568.76743	7936.883764	19455.9421	8760.615838	25369.38036	8620.797659	17134.98704	18026.91077	18742.79847	8153.672168	6580.426489	7677.136653	9177.350457	20532.16085	11500.80651	13704.35044	19551.6145	27570.50841	7652.465488	8457.145724	8920.314172	9941.640624	7741.1028	7503.707551	6682.407252	8355.954074	7796.194541	9066.772318	7963.650063	9120.082167	8864.046013	11753.79126	10202.96065	8960.983638	12755.553	12722.24632	9938.157213	6395.948214	9293.627161	13769.17627	12554.30728	10148.86434	15589.88163	7344.986226	8349.675221	6969.432871	8089.351904
CHEBI:18101	C8H8O3	OC(=O)Cc1ccc(O)cc1	InChI=1S/C8H8O3/c9-7-3-1-6(2-4-7)5-8(10)11/h1-4,9H,5H2,(H,10,11)	4-Hydroxyphenylacetic acid	121				19.106			MCF in house library		MSI:1							1335.23234	2001.210904	1026.640691	1198.480445	1880.441073	935.6700665	1053.924536			1017.280126		1135.115152		1313.760618		1281.452501													963.4664059	2027.305471	1882.375503	1336.826024	2670.80666	1450.457039																				2343.378949	1814.73441	2151.678304	1744.126445
CHEBI:48430	C6H10O3	CC(C)CC(=O)C(O)=O	InChI=1S/C6H10O3/c1-4(2)3-5(7)6(8)9/h4H,3H2,1-2H3,(H,8,9)	4-Methyl-2-oxopentanoic acid	85				8.011			MCF in house library		MSI:1							4328.048969	6024.394554	3683.134882	3163.629281	3039.47657	4382.015922	6343.088459			3576.130906		3200.1325		3079.81761		4944.034548													3592.274362	4627.906342	3860.332768	5638.616137	3396.422374	3805.887527																				3256.442148	5066.923951	5108.807088	5680.56929
CHEBI:80550	C17H32O2	CCCCCCC\C=C\CCCCCCCC(O)=O	InChI=1S/C17H32O2/c1-2-3-4-5-6-7-8-9-10-11-12-13-14-15-16-17(18)19/h8-9H,2-7,10-16H2,1H3,(H,18,19)/b9-8+	9-Heptadecenoic acid (C17_1n-8t)	55				23.018			MCF in house library		MSI:1							3980.414514	3376.106234	3510.226976	3091.810228	2495.858151	3551.346237	2526.031736	1870.662426	1392.644299	1788.624398	1315.136716	1989.673459	1310.873694	2343.315446	1073.81357	2079.459642	1298.078192	1288.34491	1134.61139	1165.614089	1218.41783	1347.108188	1350.230872	771.1723922	1308.21674	1257.932032	1090.839242	1137.818916	5325.777016	3608.022135	2050.131247	1730.59103	1828.912154	3153.80674	1237.646534	1051.877509	1498.176852	1314.148202	1612.789004	1683.186509	1028.387551	1067.536185	787.8333851	1076.199407	847.7415439	1428.066169	1363.500892	1077.437232	1774.64171	1192.879926	1089.996611	1074.745688	1054.31089	2509.799335	2401.730384	2893.818266	1885.258601
CHEBI:30832	C6H10O4	OC(=O)CCCCC(O)=O	InChI=1S/C6H10O4/c7-5(8)3-1-2-4-6(9)10/h1-4H2,(H,7,8)(H,9,10)	Adipic acid	114				12.465			MCF in house library		MSI:1							1471.125809	1079.615796	1100.323038	923.772568	1194.364996	975.3368773	965.3375536	1308.522316	931.6799226	949.0888211	852.3729841	896.1957186	930.4940099	1030.660687	851.3502011	1195.07693	759.5043966	1014.608809	934.4969017	874.9138739	790.718406	882.1488605	1048.274944	1190.816675	727.9487756	1239.387579	655.2295614	1095.226764	850.1715991	1089.468975	1108.943496	1118.341992	1014.059228	924.8225825	887.5693718	1374.85543	871.6665319	869.1706296	904.9602344	802.7504889	1039.298825	1113.089677	1299.66593	1072.720314	1065.643287	898.4194441	1025.940088	835.547995	949.2990287	1146.464365	1056.02269	983.516344	915.115518	746.6428129	936.8750816	824.7953612	755.2477553
CHEBI:53487	C22H36O2	C(=C\C/C=C\C/C=C\CCCCCC(O)=O)\C/C=C\CCCCC	InChI=1S/C22H36O2/c1-2-3-4-5-6-7-8-9-10-11-12-13-14-15-16-17-18-19-20-21-22(23)24/h6-7,9-10,12-13,15-16H,2-5,8,11,14,17-21H2,1H3,(H,23,24)/b7-6-,10-9-,13-12-,16-15-	Adrenic acid (C22_4n-6,9,12,15c)	79				29.63			MCF in house library		MSI:1														8411.929172	10307.87264		10715.07639		6504.753729		3527.327843		7918.010789	5924.99807	7456.152552	8191.181874	12133.24245	4067.863337	4071.789973	1021.742602	4661.747365	5528.307356	4256.269588	3093.40715							6079.496584	2689.388136	3717.067568	5216.913279	2823.245368	4585.438276	1954.481911	5083.175545	1013.29886	5271.985456	1136.201947	11081.33147	4938.993882	2205.999318	7246.281486	3254.891238	1419.354894	2496.803086	1423.931032				
CHEBI:16449	C3H7NO2	CC(N)C(O)=O	InChI=1S/C3H7NO2/c1-2(4)3(5)6/h2H,4H2,1H3,(H,5,6)	Alanine	102				11.166			MCF in house library		MSI:1							606274.4901	890710.7141	700748.586	952837.7387	658341.2799	697314.5337	707778.72	509272.0438	746620.4548	771111.7504	775878.057	773107.5986	797401.1604	763449.7394	779443.1951	936960.94	826567.925	683943.5335	689300.0177	936302.2574	876756.3302	832323.9039	780939.7805	1068995.764	853987.1596	840484.0417	983200.09	689730.0071	697851.7973	776092.4158	855289.0079	847115.6685	1058703.073	995197.3171	835545.7838	759664.1779	674379.3402	974438.5299	734850.7667	736092.3192	729134.9571	885021.1674	923589.5169	749109.0078	917893.4537	709574.8119	740145.4058	910687.796	761058.9192	639346.508	828480.4714	869041.1235	890368.8381	777055.4638	839440.0731	887416.4981	898241.3302
CHEBI:28822	C20H40O2	CCCCCCCCCCCCCCCCCCCC(O)=O	InChI=1S/C20H40O2/c1-2-3-4-5-6-7-8-9-10-11-12-13-14-15-16-17-18-19-20(21)22/h2-19H2,1H3,(H,21,22)	Arachidic acid (C20_0)	74				27.108			MCF in house library		MSI:1							1990.997335	1749.761926	1535.540096	1379.823554	1364.174524	2453.508915	1168.566512	1284.315325	1303.997304	1348.17564	1372.673947	1719.030283	701.5698522	1265.102817	843.8634531	1134.485111	999.9549707	939.2322016	1051.544999	1235.944786	1287.949306	1167.706073	1209.142294	524.2512634	1053.369323	1026.126375	1108.989645	1403.107177	2395.770671	1591.10245	1280.600537	1061.560831	1182.618406	1619.542249	952.9878315	669.8335872	1141.792358	1324.540459	854.2363487	1266.871739	613.7591485	754.6035	445.7478363	759.601952	371.4705908	1067.543398	808.7181806	737.1135736	1099.079615	777.4606523	645.5044863	653.010038	429.8127356	1721.776318	1425.862751	1018.244167	1022.254537
CHEBI:15843	C20H32O2	CCCCC\C=C/C\C=C/C\C=C/C\C=C/CCCC(O)=O	InChI=1S/C20H32O2/c1-2-3-4-5-6-7-8-9-10-11-12-13-14-15-16-17-18-19-20(21)22/h6-7,9-10,12-13,15-16H,2-5,8,11,14,17-19H2,1H3,(H,21,22)/b7-6-,10-9-,13-12-,16-15-	Arachidonic acid (C20_4n-6,9,12,15c)	79				26.595			MCF in house library		MSI:1							162528.5888	134306.0505	136565.8079	124907.6968	179063.5766	198763.3889	177173.9639	270860.0848	260636.3503	125856.5558	235356.8667	116227.8607	194587.2749	123988.923	172357.7734	120750.4699	217942.271	206103.4481	249440.8215	215455.7467	240818.2224	182077.2233	200340.5056	55096.25343	173223.0566	169257.279	138059.2281	164955.7537	127568.1103	158196.2958	123991.0015	112693.3229	121492.408	98239.97722	200852.3519	161182.32	198013.5805	200740.6254	181868.1867	188293.7921	161465.029	177904.212	73589.85791	208782.6849	82304.6013	232371.363	205922.2888	127363.4584	231847.9525	178458.5502	123755.6671	128399.6992	106751.564	99816.24882	130542.846	99517.1	107832.5962
CHEBI:22653	C4H8N2O3	NC(CC(N)=O)C(O)=O	InChI=1S/C4H8N2O3/c5-2(4(8)9)1-3(6)7/h2H,1,5H2,(H2,6,7)(H,8,9)	Asparagine	127				16.634			MCF in house library		MSI:1							22932.81296	31521.09025	30502.52649	31291.56135	26057.21496	31901.44925	38623.92414	58516.36485	84654.33482	34708.25644	99240.21659	37632.28924	75811.32487	24532.37841	45716.22235	37994.93773	71556.67123	35553.95561	61582.40189	66174.62192	99944.2193	67056.05201	39030.11114	72485.33942	68482.07512	66364.41421	94077.17071	28709.54425	27920.26166	36433.33808	29899.53545	26622.95816	42127.17518	47285.04651	70941.89935	82018.79782	52872.02308	47025.91006	44000.66526	49742.6432	82783.83395	86599.16912	95172.34617	90029.64692	76908.93909	82176.09181	86758.2258	109977.9556	68349.53006	68574.35031	79340.42861	95934.85705	43421.4319	32103.84182	37053.46217	30761.87731	42087.89763
CHEBI:22660	C4H7NO4	NC(CC(O)=O)C(O)=O	InChI=1S/C4H7NO4/c5-2(4(8)9)1-3(6)7/h2H,1,5H2,(H,6,7)(H,8,9)	Aspartic acid	160				16.39			MCF in house library		MSI:1							27911.88645	22515.06446	44020.78096	51242.89425	43252.42399	48664.17683	39478.52797	408398.8251	615678.2049	65633.57228	562615.4871	58403.40948	704202.0448	65298.7685	704147.901	25309.33149	570806.594	615327.0175	534283.0286	590672.8298	495866.1422	481961.1276	432073.879	478448.0023	510301.24	515684.1367	504552.1728	409741.3694	74483.50616	43661.84529	41322.53125	40872.56076	45415.43124	45855.90891	546940.7565	566711.8896	562442.8297	557055.2355	511296.7684	559654.5344	593224.1313	554183.9793	572132.8973	547971.0497	704258.4341	617069.784	597142.0033	574991.3187	546862.3506	567977.9409	714750.8857	686351.9623	846608.8229	61580.94024	44236.52241	66539.35455	35946.74164
CHEBI:48131	C9H16O4	OC(=O)CCCCCCCC(O)=O	InChI=1S/C9H16O4/c10-8(11)6-4-2-1-3-5-7-9(12)13/h1-7H2,(H,10,11)(H,12,13)	Azelaic acid	185				16.556			MCF in house library		MSI:1							614.6809233	500.5910849	322.237461	507.2220612	446.7472124	339.5012336	405.1551676	450.5189884	448.5537972	468.3960142	379.7457267	440.1669237	413.4561784	484.3662885	368.9897228	528.5669269	363.7813114	416.5549363	478.575686	514.8207039	393.742192	501.0520603	483.9206347	497.4913382	372.4693017	303.9229724	258.6432479	386.9801234	572.00061	512.0192609	458.4023246	588.7959496	474.1290257	418.3021061	324.4401987	470.0145621	390.4339674	611.2536928	499.1691484	424.2825164	590.5726918	499.1078268	361.5222277	553.1757727	313.3634593	340.7228929	431.3843511	373.135132	354.3085602	388.7303262	518.102285	293.6944656	540.7928292	327.4433541	649.1732849	418.5528699	381.4382602
CHEBI:30746	C7H6O2	OC(=O)c1ccccc1	InChI=1S/C7H6O2/c8-7(9)6-4-2-1-3-5-6/h1-5H,(H,8,9)	Benzoic acid	105				9.73			MCF in house library		MSI:1							6001.434824	4446.494544	3408.054123	3150.163208	3883.965561	3274.845233	5382.961905	7517.615359	4847.217714	3942.798907	4841.347036	2948.325295	3883.006341	3246.802335	4955.15764	4086.724776	4945.651293	5566.959184	5533.354382	4187.958586	4561.588187	5202.66133	7253.535182	5603.771626	4715.330668	5023.486148	4505.837635	6800.141287	3746.097393	3510.395744	3559.932946	3829.025232	3199.018845	2472.319829	4144.347824	4951.490307	5618.163194	5056.305663	6283.997755	4730.849655	6220.789947	6074.459146	5013.36738	4697.935126	3730.270319	4177.774164	4413.785985	3402.473525	4682.45103	5341.27072	4050.446279	3982.881077	3723.476193	2763.477977	3828.646987	2897.335517	3582.658859
CHEBI:16958	C3H7NO2	NCCC(O)=O	InChI=1S/C3H7NO2/c4-2-1-3(5)6/h1-2,4H2,(H,5,6)	beta-Alanine	88				12.796			MCF in house library		MSI:1							2076.325792	2290.723259	2086.684046	2256.913738	2120.909598	1621.672559	1788.675386	4772.811612	6053.703322	1631.001873	6683.360399	1844.933885	5093.780118	1648.835927	5070.667466	1637.268286	5611.104911	5790.113614	5449.344054	7082.770085	7675.142974	6780.126079	4444.949482	6449.141993	4876.080577	5033.788621	4994.991005	3877.102745	1425.856593	2139.471963	2131.083147	1876.247051	1791.955329	1990.794558	6182.928473	11108.17838	5977.952635	6098.365667	4856.812061	4564.522941	8093.437305	9532.563374	12092.20584	10109.0843	9822.180483	7827.551593	7111.212955	9814.445946	8354.657828	8193.506964	8110.329759	8329.879271	9581.908425	1813.532423	2094.005385	1657.504537	1669.745984
CHEBI:53486	C20H34O2	CCCCC\C=C/C\C=C/C\C=C/CCCCCCC(O)=O	InChI=1S/C20H34O2/c1-2-3-4-5-6-7-8-9-10-11-12-13-14-15-16-17-18-19-20(21)22/h6-7,9-10,12-13H,2-5,8,11,14-19H2,1H3,(H,21,22)/b7-6-,10-9-,13-12-	bishomo-gamma-Linolenic acid (C20_3n-6,9,12c)	79				26.782			MCF in house library		MSI:1							13910.11868	12258.7144	15210.98356	16331.65263	12617.18977	18677.23453	12687.47967	13585.50096	9489.660868	11874.23022	12883.40805	8725.020486	8343.980897	12688.62738	9362.713141	7459.239608	10425.44002	8508.630472	10647.60106	10484.90035	10770.10213	9925.501619	6686.543702	3354.721542	5818.362565	6818.177056	6587.6889	8446.63219	16086.02037	17547.82441	14558.66276	9991.015547	8701.078869	13226.87433	10009.90836	4676.267876	10083.18421	11161.28458	11411.72148	11156.83744	5207.405398	6023.954187	2494.373793	7098.509234	3563.212316	10779.38334	7400.842165	4350.190977	10270.81637	6100.165148	4385.466883	5236.084165	3917.221102	10463.79422	13349.1526	11004.59909	11808.37494
CHEBI:28616	CH3NO2	NC(O)=O	InChI=1S/CH3NO2/c2-1(3)4/h2H2,(H,3,4)	Carbamic acid	75				7.904			MCF in house library		MSI:1														782.6926903	478.6937757		492.3543081		377.7683819		443.8572028		485.3375058	626.8159994	568.2496312	485.7506824	344.4233548	844.9945763	572.2658187	622.7764429	543.6744895	333.800146	421.9968782	438.0907057							345.6569964	461.2174981	593.5958284	501.6626134	619.0619693	650.3673316	744.6944335	741.729687	712.6782267	713.2140465	557.2058863	337.4229133	691.4387471	554.7428241	757.1666899	575.5529605	538.8641252	557.7794074	718.5490809				
CHEBI:28837	C8H16O2	CCCCCCCC(O)=O	InChI=1S/C8H16O2/c1-2-3-4-5-6-7-8(9)10/h2-7H2,1H3,(H,9,10)	Caprylic acid	74				9.564			MCF in house library		MSI:1							7199.193539	2470.659225	2667.300935	2033.376935	4452.656528	2667.009691	4279.532879	3721.152361	1569.93829	2888.628403	1236.228513	2548.804416	1507.591791	2791.188384	2067.411983	2791.091212Y3I38:AI38	1353.089024	2577.681618	2127.63234	1948.629185	1731.81884	2839.648859	4479.232687	2927.779098	2113.273196	2038.859534	1534.616604	4001.228445	2632.49234	3654.758173	5098.994368	3640.166154	2330.082759	1343.859842	1883.874832	1726.73799	2256.345137	1784.634043	3253.245582	1803.698679	3375.675317	1656.760703	2621.360096	2353.026505	2523.509712	1502.315709	2069.217136	1919.852745	2448.137865	1470.212905	1980.868299	2066.264605	1912.995852	2544.882551	3682.161457	2012.746889	2237.135396
CHEBI:28397	C5H9NO3	[C@H]1(C[C@H](O)CN1)C(O)=O	InChI=1S/C5H9NO3/c7-3-1-4(5(8)9)6-2-3/h3-4,6-7H,1-2H2,(H,8,9)/t3-,4-/m0/s1	cis-4-Hydroxyproline	144				20.017			MCF in house library		MSI:1							7371.43061	9574.669575	9376.324171	9977.461925	9228.976852	9486.201136	8879.542193	4467.534566	7261.075401	7656.430313	8822.923444	10523.36012	7036.588939	12111.36893	5964.799085	8201.811681	6601.299896	6097.570829	5875.05931	6736.743054	6945.062482	6775.879875	6101.092035	5628.098831	6388.175251	7078.829639	6010.506073	4643.76148	11238.29218	10522.8786	10807.5663	10416.87425	10391.17758	9735.632321	6195.304938	7004.976389	6481.884849	7936.850499	5194.587027	8622.097993	6886.377646	7879.763845	8014.390604	6606.797436	7449.126737	7198.080486	7107.133671	7840.416117	6984.940187	6332.242955	7746.997555	6674.146712	7618.125073	11591.85456	8108.342945	15729.1465	14974.3125
CHEBI:32805	C6H6O6	OC(=O)C\C(=C\C(O)=O)C(O)=O	InChI=1S/C6H6O6/c7-4(8)1-3(6(11)12)2-5(9)10/h1H,2H2,(H,7,8)(H,9,10)(H,11,12)/b3-1-	cis-Aconitic acid	153				15.578			MCF in house library		MSI:1							10846.19501	14422.55974	9752.595353	15879.1926	10425.62117	9328.700563	10359.46589	333.5185347	1517.636563	6607.84926	2196.278316	5495.146978	1171.604244	9818.923003	1546.54823	6854.610611	1641.452259	2024.258631	1503.690469	1735.761608	893.398608	1809.944413	1712.841702	563.1747911	1275.543995	3315.336018	1075.411399	4399.160836	9683.482146	10466.79536	4994.63469	9836.718914	11748.66487	9230.582151	1362.295221	669.8335872	1082.77327	1817.700317	2955.819161	1511.879953	1654.421882	518.9136929	1381.299981	714.3737441	1030.363957	1206.142541	1826.499699	442.5733672	1524.663075	894.6599447	1025.82365	653.010038	805.0759336	8256.250285	6022.768382	7606.934616	6460.610533
CHEBI:17626	C5H6O4	C\C(=C\C(O)=O)C(O)=O	InChI=1S/C5H6O4/c1-3(5(8)9)2-4(6)7/h2H,1H3,(H,6,7)(H,8,9)/b3-2-	Citraconic acid	127				10.319			MCF in house library		MSI:1														1479.316081	1307.543184		3540.183647		1807.021108		2294.153494		1453.350703	2881.171643	2553.347595	3245.527243	2452.197265	3944.723424	290.0886639	231.1084456	230.0161302	319.3766829	152.4633882	344.3879714							1744.19758	374.5035816	1322.25457	1883.832865	2354.049425	2202.086018	317.790848	211.9227677	265.6346118	511.4266577	243.842427	4167.04923	3489.828013	148.7962183	4300.252292	4009.14411	235.9300023	144.8465893	264.2831044				
CHEBI:30769	C6H8O7	OC(=O)CC(O)(CC(O)=O)C(O)=O	InChI=1S/C6H8O7/c7-3(8)1-6(13,5(11)12)2-4(9)10/h13H,1-2H2,(H,7,8)(H,9,10)(H,11,12)	Citric acid	143				16.425			MCF in house library		MSI:1							125540.2828	194293.9333	160081.2831	209941.4555	173374.3876	111561.7387	139748.5696	4499.810553	22721.99788	106619.9004	35054.96917	85844.44653	24017.01658	164622.61	25189.69841	88262.94167	24098.2937	31380.47187	23855.15727	31725.70866	18356.3095	33281.74618	20295.65779	7290.863279	17494.29499	42907.74222	16996.03771	62033.64393	176909.3803	148292.4101	95199.43425	161643.6209	217947.919	173754.9022	26082.51668	11105.66493	17019.06204	39248.72243	41086.34746	31998.4711	19102.91252	10442.64292	13787.08424	9449.216343	13573.20335	30010.01441	33670.41545	9050.625359	25063.97348	12742.23197	20565.54644	16274.03448	14151.84296	150264.115	78735.44555	160161.5419	100097.0282
CHEBI:30769	C6H8O7	OC(=O)CC(O)(CC(O)=O)C(O)=O	InChI=1S/C6H8O7/c7-3(8)1-6(13,5(11)12)2-4(9)10/h13H,1-2H2,(H,7,8)(H,9,10)(H,11,12)	Citric acid secondary peak	101				16.058			MCF in house library		MSI:1							1371.575942	2267.654546	1520.803627	2135.719086	1122.566337	704.6692271	676.1271124			560.0630146		611.6734053		1056.095446		675.5343164													1493.0966	1328.342058	797.8151096	908.4985721	2294.02732	2074.602009																				1389.835116	720.8352709	990.9854713	656.0738076
CHEBI:61159	C18H32O2			Conjugated linoleic acid (C18_2n-9,11c)	67				24.174			MCF in house library		MSI:1							1010996.844	933821.5261	899121.1108	678316.5909	789265.565	974851.5422	967828.4111			829492.4508		858888.5977		765077.564		664436.9893													1002152.437	781277.0003	705042.2817	645270.9858	552484.7062	715674.4701																				727370.4326	689371.4436	659667.4609	644600.1447
CHEBI:16737	C4H7N3O	CN1CC(=O)NC1=N	InChI=1S/C4H7N3O/c1-7-2-3(8)6-4(7)5/h2H2,1H3,(H2,5,6,8)	Creatinine	202				16.797			MCF in house library		MSI:1							17925.29664	15101.93335	16386.95381	19599.41954	18320.05469	11270.04095	13014.46985	8356.791027	11973.54968	11839.57562	11127.70054	13631.2955	11201.61591	11006.61568	12379.87258	16834.21203	9090.9837	8577.064498	7847.886102	9525.589636	11474.31045	9628.267346	9517.545345	10856.01514	12124.2025	14277.16797	13060.12274	10285.39624	18458.76365	18353.76142	17220.32222	14680.3988	15027.90707	17002.62058	8963.213009	15462.72506	6228.783759	6398.796385	8021.290842	5269.668532	13933.69658	14210.70896	10486.73616	11804.56224	9698.702829	11728.12747	9956.513994	13967.00502	12974.09771	13154.17008	12752.48848	9972.807712	10034.29338	17012.6613	18910.33348	15384.45591	22169.19168
CHEBI:15356	C3H7NO2S	NC(CS)C(O)=O	InChI=1S/C3H7NO2S/c4-2(1-7)3(5)6/h2,7H,1,4H2,(H,5,6)	Cysteine	192				20.192			MCF in house library		MSI:1							8084.081243	10294.41344	9465.725418	9044.711975	7230.011009	3657.51329	4159.679904	8787.137523	15608.96297	4330.706823	10310.67185	4388.781467	14804.34249	5750.467352	13308.22934	4133.135531	12850.35301	10132.20293	11506.58306	12438.21825	14410.80252	11884.06317	7713.72129	9348.944805	9591.411246	11155.51846	14912.3714	10235.50257	6009.230241	5602.09309	5423.777292	6343.443155	7872.705153	7148.628611	8533.572855	14928.6176	10911.7214	10613.32919	8869.763113	7059.423654	16376.45799	15719.91596	16030.07699	11936.76777	22977.22001	11940.15116	10077.87271	25321.30106	10530.09173	17100.65318	25057.65368	25941.14386	22263.7354	7954.894451	6552.856308	8069.453123	6937.408358
CHEBI:29571	C20H28O2	[H][C@@]12CCc3cc(ccc3[C@@]1(C)CCC[C@@]2(C)C(O)=O)C(C)C	InChI=1S/C20H28O2/c1-13(2)14-6-8-16-15(12-14)7-9-17-19(16,3)10-5-11-20(17,4)18(21)22/h6,8,12-13,17H,5,7,9-11H2,1-4H3,(H,21,22)/t17-,19-,20-/m1/s1	Dehydroabietic acid	239				28.52			MCF in house library		MSI:1							505.6501168	357.5650606	379.2184755	431.8120556	364.691602	270.6676502	440.3294104			277.2367817		297.4100836		316.2757043		274.5969645													398.8345638	546.2923555	454.5010282	406.1087367	249.6839166	256.5684271																				375.1205458	481.6107	260.2765745	387.1598341
CHEBI:17242	C6H6O6	OCC(O)C1OC(=O)C(=O)C1=O	InChI=1S/C6H6O6/c7-1-2(8)5-3(9)4(10)6(11)12-5/h2,5,7-8H,1H2	Dehydroascorbic acid	59				15.62			MCF in house library		MSI:1														915.8311376	917.4964034		870.4561139		1017.537416		826.7508862		755.0680391	754.7578727	683.4098554	813.9606029	785.0588673	1010.596528	850.4872191	1052.151608	923.9852501	807.7139335	870.3118412	776.394084							837.1794772	980.244274	996.5146029	865.3916269	940.6975176	877.448115	991.5620021	738.7588071	1383.891538	1020.53392	1180.819923	936.3692094	1066.732934	1028.60155	988.5518721	975.887177	1380.662373	937.9016722	1450.265292				
CHEBI:36005	C22H32O2			DHA (C22_6n-3,6,9,12,15,18c)	79				29.747			MCF in house library		MSI:1							13979.64557	15464.11215	20293.1006	26415.04766	20295.08765	28653.43745	18170.7533	13164.56829	17998.88597	14497.91864	23935.48823	14132.92717	11706.46767	13959.2595	6681.387822	9824.898903	15466.91664	11980.91341	15210.58896	16421.74894	19358.85635	7109.206882	7145.411225	1542.344784	5724.265057	9030.118147	8987.172225	5454.229286	27677.09232	23031.51954	19522.08708	10158.89028	17378.7217	18414.1145	12396.79811	3843.060243	7605.517487	13235.95709	5693.756176	10218.63526	3668.915799	8861.144512	1959.217234	9627.809779	3125.333574	20242.07482	7042.884937	9254.36172	12278.9092	5207.825981	5649.107975	8833.241176	5365.605375	14134.03841	18320.17595	12127.48147	12904.05634
CHEBI:149654	C5H9NO4	O(C(=O)C(N)(C)C(O)=O)C	InChI=1S/C5H9NO4/c1-5(6,3(7)8)4(9)10-2/h6H2,1-2H3,(H,7,8)	Dimethyl aminomalonic acid	146				15.333			MCF in house library		MSI:1							4010.437489	2422.214927	4287.330122	3412.302751	3790.513338	2005.507287	4243.055887	10996.69782	17048.59017	8376.351633	18089.70553	5788.591594	17081.39799	7826.164894	22246.33691	3714.149552	14425.25991	13042.1367	13164.13514	15851.60142	17683.6329	16033.66593	6407.003717	11968.98476	17681.1831	19978.55689	18477.11062	13635.57322	4309.808139	3126.121654	3550.179705	7571.644349	3717.315783	3422.87277	13150.87846	12064.54491	8681.480863	10107.88757	12110.32772	10279.38932	13234.01115	15066.32237	13255.81502	10949.86508	13133.24935	19120.08176	18324.14662	10795.73793	13845.92403	16631.85601	13263.98473	12456.00642	10687.00681	3838.463714	5019.500578	4908.32378	3479.670529
unknown				DL-gamma-methyl-ketoglutaramate isomer 1	128				16.919			MCF in house library		MSI:1							3866.643237	3176.561861	2989.538396	2899.694261	2851.432463	3474.345958	3265.993585	712.7613846	987.5275298	3520.236393	916.485899	3783.056263	565.7821388	3218.049999	1084.508924	3077.290865	1263.474604	941.2157965	975.0861611	559.8323502	827.9096603	1123.120932	883.45184	902.5392981	870.4019471	624.3299027	661.5822026	391.8477979	4126.510037	3138.584598	4085.632633	4294.383875	3254.904775	3528.734814	1021.942424	859.5988249	810.3774789	733.1265311	868.0701357	647.3794265	1051.574008	1052.681785	942.0310378	997.3399675	2098.082499	684.7457654	900.5020851	975.1875229	837.7383158	749.6113155	1599.605416	2030.253022	940.5092682	3146.69465	3253.243394	2778.628296	3255.575551
CHEBI:28817	C12H26	CCCCCCCCCCCC	InChI=1S/C12H26/c1-3-5-7-9-11-12-10-8-6-4-2/h3-12H2,1-2H3	Dodecane	57				9.696			MCF in house library		MSI:1							15624.58861	11195.2467	8647.360159	8833.743508	10970.37925	10847.70608	11509.79391	13383.77604	9152.802285	10323.71645	8509.756513	9458.632025	8316.127007	9279.263759	11277.18156	10949.07051	8751.158719	10073.68688	9578.121275	8974.19697	8080.204243	10509.35466	12129.6619	12088.18807	8919.659593	9580.27024	9215.867307	12377.27935	8244.730209	10084.59843	8867.646671	11117.99815	8825.470134	7358.14724	8172.00326	11534.20762	11091.04863	9746.04806	12211.77549	9205.735445	12738.9121	9655.359744	11966.51532	11868.34561	9558.623137	8655.846471	10386.87852	7014.78787	9598.353182	10408.68963	9960.020977	7708.879529	8824.798464	7992.676377	9912.538827	7697.503829	8833.156511
CHEBI:30805	C12H24O2	CCCCCCCCCCCC(O)=O	InChI=1S/C12H24O2/c1-2-3-4-5-6-7-8-9-10-11-12(13)14/h2-11H2,1H3,(H,13,14)	Dodecanoic acid (C12_0)	74				15.309			MCF in house library		MSI:1							11691.5788	5905.590679	6148.054973	5381.940277	6529.119336	4522.016431	8050.993362	3352.668173	3791.431997	10036.41865	5338.633107	7163.617547	2766.239442	9543.564086	3631.07278	5752.35519	3003.413998	3504.020452	3538.817055	8867.29431	5509.965171	6826.834322	3462.603779	3860.727402	3294.719683	3753.191148	2620.918246	3682.395765	7937.084149	4585.324619	4838.582835	8699.861326	4805.288662	4416.064589	3377.006972	2566.22924	3717.067568	3836.632529	3810.055509	3517.760207	3471.148962	2794.607713	3838.096195	2738.04612	3185.515961	3020.306322	3553.056925	3048.414831	3257.986003	3825.802643	2984.986389	2361.559586	2969.18776	4901.755045	6467.494236	5644.308554	4693.597792
CHEBI:51676	C26H18	c1ccc(cc1)-c1c2ccccc2c(-c2ccccc2)c2ccccc12	InChI=1S/C26H18/c1-3-11-19(12-4-1)25-21-15-7-9-17-23(21)26(20-13-5-2-6-14-20)24-18-10-8-16-22(24)25/h1-18H	DPA (C22_5n-3,6,9,12,15c)	79				29.877			MCF in house library		MSI:1														3078.322282	2802.131528		3229.482598		2037.686134		1459.91586		2058.46986	2311.879896	2766.677191	2629.430335	3201.681889	1463.878795	2111.054322	749.2779079	1636.251108	1674.151967	1525.541403	1322.790548							2103.999108	1221.535172	1766.032713	2024.600717	1974.773098	1847.521286	1411.646041	1662.702463	717.8613411	2241.695532	899.6229114	3754.551781	1948.878239	1062.939139	2501.852282	1460.929793	1063.57245	1322.025224	828.5886653				
CHEBI:28364	C20H30O2	CC\C=C/C\C=C/C\C=C/C\C=C/C\C=C/CCCC(O)=O	InChI=1S/C20H30O2/c1-2-3-4-5-6-7-8-9-10-11-12-13-14-15-16-17-18-19-20(21)22/h3-4,6-7,9-10,12-13,15-16H,2,5,8,11,14,17-19H2,1H3,(H,21,22)/b4-3-,7-6-,10-9-,13-12-,16-15-	EPA (C20_5n-3,6,9,12,15c)	79				26.868			MCF in house library		MSI:1							5890.823861	6084.373209	5411.23151	3657.385269	3383.654269	6626.690745	3607.314016	3224.909057	2667.388094	2891.982073	3120.983819	3688.876404	2327.540676	4114.901734	2504.851973	2285.729662	2510.091049	2357.50258	2830.864857	3001.714159	2659.17468	2689.970171	2401.142986	1465.714089	1969.513114	1867.838471	1844.080982	2420.451149	6630.048938	7199.427012	4208.523469	3178.510629	3389.211286	4279.326115	2792.661002	1931.583909	2670.613736	2963.682897	3308.58073	2597.485453	2239.538937	1814.217339	1251.722122	2197.627021	1801.321077	2606.158883	2278.280474	1954.953391	2740.468251	2138.596988	1861.015858	2324.747746	1972.247935	4909.851172	5542.211534	4165.304505	6105.872951
CHEBI:18012	C4H4O4	OC(=O)\C=C\C(O)=O	InChI=1S/C4H4O4/c5-3(6)1-2-4(7)8/h1-2H,(H,5,6)(H,7,8)/b2-1+	Fumaric acid	113				9.284			MCF in house library		MSI:1							8833.075479	11216.00855	7077.434967	10847.3702	7367.910021	9257.533638	8321.965307	42776.44174	43905.08393	6506.121247	61291.94665	6127.639089	61362.11948	6477.016784	65429.89937	9617.339695	64181.6706	56770.48703	60268.44261	56302.06751	39047.58296	50410.93271	65844.85236	105220.0262	52119.56404	63949.51439	75592.79992	129158.8754	12491.90382	8304.474666	5899.73545	16449.2554	14226.57493	11150.80201	70418.55167	33499.2197	56168.01215	68604.01569	72175.47816	73287.33495	48478.78927	36561.6289	50390.23796	34039.44503	100309.5111	46542.91217	62119.34656	63864.863	38162.02755	46007.10439	83017.16177	69980.90907	76090.96184	12079.42132	5332.49484	11307.08268	5893.221121
CHEBI:28661	C18H30O2	CCCCC\C=C/C\C=C/C\C=C/CCCCC(O)=O	InChI=1S/C18H30O2/c1-2-3-4-5-6-7-8-9-10-11-12-13-14-15-16-17-18(19)20/h6-7,9-10,12-13H,2-5,8,11,14-17H2,1H3,(H,19,20)/b7-6-,10-9-,13-12-	gamma-Linolenic acid (C18_3n-6,9,12c)	79				24.352			MCF in house library		MSI:1							37531.87992	44356.52249	35941.26608	20288.88245	22501.47184	26646.76349	26565.67259	13763.01889	13102.02593	17306.05894	12476.53763	27195.17804	7809.534384	23656.538	7893.171462	12615.99011	11641.00197	10649.9212	14157.15609	9928.818967	12037.8388	7606.012738	9943.448247	3023.871557	11415.85737	11127.70178	8342.832906	11770.03696	56260.54309	23812.53066	18640.3941	14919.86717	11931.64622	36240.10654	11627.68919	4765.49524	10363.52487	10762.5998	8979.280594	10517.42576	4698.667259	7529.200014	1937.188998	6493.147067	4310.304007	11921.17628	9976.910417	6712.617088	11082.73044	7153.79839	5935.055138	7119.890083	5017.616946	23086.5556	14889.8853	21420.05863	11286.75812
CHEBI:18237	C5H9NO4	NC(CCC(O)=O)C(O)=O	InChI=1S/C5H9NO4/c6-3(5(9)10)1-2-4(7)8/h3H,1-2,6H2,(H,7,8)(H,9,10)	Glutamic acid	174				18.216			MCF in house library		MSI:1							31451.43727	41237.63241	56478.00963	68493.83076	43726.52307	59826.88405	50473.73573	348494.5928	440767.0451	44429.43004	458246.2373	57126.52886	578581.0013	55894.54266	526793.2581	35942.55103	470353.2648	460003.5997	485470.1965	464640.2203	314295.2048	436441.8218	379414.875	407996.4171	366520.2481	405109.7476	540330.2479	345488.0659	91542.2039	67034.01862	49351.3992	52288.04282	66983.79498	72838.96778	423374.1265	343839.5299	336318.0036	359761.0606	544202.7365	460472.0224	480968.9469	389082.2792	415644.308	397451.574	422090.2034	522188.7707	504069.0449	328908.3176	363076.4059	438682.7533	442899.1249	397234.969	405276.7298	83242.57751	47069.27857	81473.60233	32803.69038
CHEBI:17859	C5H8O4	OC(=O)CCCC(O)=O	InChI=1S/C5H8O4/c6-4(7)2-1-3-5(8)9/h1-3H2,(H,6,7)(H,8,9)	Glutaric acid	100				10.813			MCF in house library		MSI:1							1486.927375	1147.668501	663.1411165	1247.856044	556.154693	635.8356437	3310.287076	566.1746093	408.6626492	675.2057102	530.1644886	565.0791588	503.1108865	666.833041	516.5856119	2352.767419	568.7410259	447.3006578	537.0997344	446.3654919	468.933206	558.375813	432.4958261	355.1771901	403.8351376	441.9761192	318.539579	356.5571577	1392.697137	1133.089277	750.024229	1131.920096	1668.46545	1287.988207	465.0014836	487.6086901	594.7308108	447.8118244	662.8689615	541.8067816	443.2704961	404.0396693	583.1003673	480.1148216	1150.72873	532.1217093	744.4694475	1223.944278	637.3422205	446.7497778	1298.558733	1014.726383	2394.536597	1944.869592	566.9727715	1444.710851	580.7397512
CHEBI:16856	C10H17N3O6S	N[C@@H](CCC(=O)N[C@@H](CS)C(=O)NCC(=O)O)C(=O)O	InChI=1S/C10H17N3O6S/c11-5(10(18)19)1-2-7(14)13-6(4-20)9(17)12-3-8(15)16/h5-6,20H,1-4,11H2,(H,12,17)(H,13,14)(H,15,16)(H,18,19)/t5-,6-/m0/s1	Glutathione	142				18.961			MCF in house library		MSI:1							26521.34863	25735.45688	28105.39416	28318.25256	22373.82978	22456.0816	24064.3931	125499.797	150231.8362	24128.54313	164286.8786	27766.2054	210408.2844	33680.04494	190428.644	23339.45279	167005.7892	168081.9004	181477.4104	192169.7217	134276.598	182145.1625	155434.7804	151558.4859	148266.3064	151322.7329	203052.1925	108149.9922	38450.23102	26745.47669	22596.30863	33288.57268	29255.38338	30617.65574	170979.1007	112743.1722	150943.5878	178913.1056	212486.9687	178796.2379	172801.8424	134806.6473	146868.729	125256.6223	99786.54687	179360.4908	188430.3163	88893.14997	146169.3251	153802.604	103333.5661	99443.18549	87324.40454	42121.44948	28344.42317	32527.53731	19781.38818
CHEBI:15428	C2H5NO2	NCC(O)=O	InChI=1S/C2H5NO2/c3-1-2(4)5/h1,3H2,(H,4,5)	Glycine	88				11.523			MCF in house library		MSI:1							201893.4504	187059.5847	179195.4661	168114.039	169946.2865	189803.3563	169888.9874	353658.7507	561894.2998	222004.0603	628319.7174	199859.5762	711221.225	200930.1761	705722.2571	219223.7775	736790.2464	685530.4094	641937.0717	617919.8796	696272.0243	635164.1644	265489.1452	588212.3503	567177.9559	561773.2827	589176.6135	398058.9506	218881.8824	206386.3439	264539.1049	252246.6035	253484.1599	232190.7508	542923.7094	575157.071	377068.4139	526520.8934	330830.4054	468949.7049	509774.7096	645512.7893	668414.4299	457124.9756	510545.8597	707568.4243	756919.4242	530599.6838	585470.621	614839.0916	457877.8489	594828.124	492555.9899	267769.5015	270190.9797	269843.4973	316563.2409
CHEBI:16891	C2H2O3	[H]C(=O)C(O)=O	InChI=1S/C2H2O3/c3-1-2(4)5/h1H,(H,4,5)	Glyoxylic acid	75				11.268			MCF in house library		MSI:1							581.4976344	376.0200315	343.8509493	275.6056155	458.143825	472.5017169	518.4943945	1553.281885	1159.502701	447.1560995	1342.261411	390.5985765	1161.159036	467.7784019	1304.833223	694.8721308	1334.456323	1143.54248	1393.249926	1308.150969	1071.269824	1048.812364	1120.79711	1565.455629	1055.983143	1032.307859	1054.538435	1086.708334	421.8619636	516.1735754	312.1037104	487.5773586	338.9211286	287.4448567	961.8281639	1232.845683	884.151339	761.4690516	1192.011315	898.3634503	2104.511925	924.9339488	879.8336653	1402.074443	2226.74829	1238.317342	1745.933828	1028.60155	864.5955245	1375.061004	1583.562175	1235.597425	1393.834736	412.9024712	445.779707	423.8287464	441.5147862
CHEBI:32425	C20H38O2	C(=O)(CCCCCCCCC/C=C\CCCCCCCC)O	InChI=1S/C20H38O2/c1-2-3-4-5-6-7-8-9-10-11-12-13-14-15-16-17-18-19-20(21)22/h9-10H,2-8,11-19H2,1H3,(H,21,22)/b10-9-	Gondoic acid (C20_1n-9c)	79				26.855			MCF in house library		MSI:1							6338.008183	6084.373209	5621.471805	5423.236233	5386.039096	9584.201492	6864.188353	8348.72203	4677.901952	5800.7325	5368.223683	4478.995859	4245.106909	6003.709087	5766.93503	3702.546864	6081.358802	4535.489818	7750.660667	5395.771093	4884.181892	6391.598422	5201.817177	2789.11403	4223.932572	5358.316541	5009.511328	6158.825171	8264.994321	7404.027001	6615.623336	4353.633782	4131.953334	5518.794218	4955.006304	3393.153256	5543.254351	5426.647931	6813.140109	5954.894755	3319.755039	2777.772726	2014.935714	2895.764999	1933.099751	4534.17196	3455.154093	2540.218516	4369.461253	4092.69212	2306.451702	2324.747746	2261.92479	4909.851172	5761.412903	4298.080731	6105.872951
CHEBI:30776	C6H12O2	CCCCCC(O)=O	InChI=1S/C6H12O2/c1-2-3-4-5-6(7)8/h2-5H2,1H3,(H,7,8)	Hexanoic acid (C6_0)	74				6.357			MCF in house library		MSI:1														1628.592522	1951.120371		1467.199399		799.9289009		1349.753711		865.9769755	1350.828151	1364.931838	2316.224296	2068.965645	2543.476137	1207.82371	1088.642415	1148.773741	973.5837592	1220.614626	1652.575495							2854.543328	2700.698647	2062.263136	1435.07629	1628.928422	2380.364353	3277.473853	1961.771041	2416.627078	2400.574108	2590.95549	1799.313873	2547.51326	2247.967482	2364.46733	1751.027051	2010.12362	2444.786355	2330.581967				
CHEBI:27570	C6H9N3O2	NC(Cc1c[nH]cn1)C(O)=O	InChI=1S/C6H9N3O2/c7-5(6(10)11)1-4-2-8-3-9-4/h2-3,5H,1,7H2,(H,8,9)(H,10,11)	Histidine	139				27.249			MCF in house library		MSI:1							3977.2542	9966.837706	6308.191272	5319.996344	4359.204305	4708.683776	3444.470299	763.8650311	2206.423718	3585.074028	2698.496149	6077.079375	2398.916269	4332.755978	1139.055231	4392.262244	2182.687869	1233.796049	1338.501623	1889.5514	3458.786647	1479.80206	775.3278835	880.6448138	1599.657632	1760.692745	1579.085093	831.1554222	6114.235184	6342.599648	6872.133573	5596.647453	7670.794694	8531.451566	1706.184151	1804.654843	885.2863215	1437.910542	786.2202292	1022.859494	1324.355851	2649.034596	1854.259168	1884.508659	2402.107312	2762.907914	1579.702978	4383.00245	1918.224479	1771.914054	2252.659662	3395.492146	2754.751647	8288.634793	9467.812973	7852.262873	8905.629781
CHEBI:24676	C7H6O3			Hydroxybenzoic acid	135				17.252			MCF in house library		MSI:1							1551.713796	2086.565144	998.1501842	2178.810518	1058.745307	644.00234	631.8336214			721.0392104		734.6029065		708.855687		895.9854005													939.5179101	958.6080687	1676.582119	1515.810118	1321.431847	1568.816686																				1668.701708	1149.753334	1186.192902	1229.184794
CHEBI:24898	C6H13NO2			Isoleucine	115				14.167			MCF in house library		MSI:1							124604.83	136576.0119	124532.9895	150302.9139	130349.8958	120811.1056	109076.6298	60119.40555	87852.71841	92293.01893	80545.54817	115989.9326	95413.49989	86380.8665	68296.25432	123504.1746	88741.34548	84881.99445	78724.28445	86062.26762	109956.7518	80015.46631	62300.49632	86789.73585	87312.03195	88172.69042	88065.75711	58937.80294	102514.2993	124189.0774	141133.2978	115083.0691	105094.3942	121106.1788	80588.47005	119589.8014	74236.93297	76222.48521	55353.59314	60881.55321	98266.9314	110231.5286	129816.2827	108519.866	103306.1788	82888.88741	79758.17335	124824.0029	90636.88136	95699.60435	91193.55193	109449.604	111732.5011	123723.2119	163962.624	145192.1216	184982.2987
CHEBI:30838	C5H6O4	C(C(CC(O)=O)=C)(O)=O	InChI=1S/C5H6O4/c1-3(5(8)9)2-4(6)7/h1-2H2,(H,6,7)(H,8,9)	Itaconic acid	127				10.261			MCF in house library		MSI:1							1701.828675	2660.976112	1367.544347	2014.524434	1580.710162	1502.672127	1715.721401	930.6242984	1009.689279	918.9057844	1496.789975	860.5065085	1209.903343	1350.253969	1641.736883	1135.774299	1411.648943	1931.029669	1431.007377	2651.936158	1105.227056	2601.86144	356.0179057	760.22515	334.5689166	914.8596594	256.8282076	1344.695083	1080.445597	1359.499417	832.926777	1609.62247	1631.508625	1171.834019	1153.663377	226.2102171	1382.40864	2701.042207	1945.952708	1383.400036	354.6163969	0	301.9164124	365.3047555	319.5892234	1376.09149	1877.490757	190.7643824	1278.816319	1064.076744	400.1372839	245.6790216	214.4361132	1456.40327	840.9744827	902.1748833	1051.816003
CHEBI:42111	C3H6O3	C[C@@H](O)C(O)=O	InChI=1S/C3H6O3/c1-2(4)3(5)6/h2,4H,1H3,(H,5,6)/t2-/m1/s1	Lactic acid	103				9.345			MCF in house library		MSI:1							2217579.152	2043334.375	2614619.04	2208579.515	2739563.314	2133682.42	2724727.126	292979.8947	545384.6833	3113637.352	602543.0378	2682052.065	388896.011	3217713.818	429251.627	2759727.855	556212.7525	371709.822	420769.0292	639885.563	568308.2374	438072.3641	394520.5829	777847.7772	516072.5538	618478.0977	726713.11	640430.1996	2384887.001	2617816.35	2431912.111	3170107.017	2698446.76	2226772.817	794922.6884	228985.0624	662466.5642	742196.1376	537414.9583	708810.7542	345232.7015	354350.7123	435464.5374	267268.5561	728763.0416	362047.3611	456096.6574	903655.4578	282686.5826	286365.4472	792845.6039	723432.6891	547150.6719	2389947.871	2401637.645	2413565.779	2034011.894
CHEBI:25017	C6H13NO2	CC(C)CC(N)C(O)=O	InChI=1S/C6H13NO2/c1-4(2)3-5(7)6(8)9/h4-5H,3,7H2,1-2H3,(H,8,9)	Leucine	144				14.113			MCF in house library		MSI:1							382271.4883	587532.4527	419065.8884	478142.5266	391022.3356	351083.9424	353013.9122	290569.9544	398103.0191	316228.7935	397329.1046	386395.1806	441149.9084	287912.63	325891.7232	379949.3773	386424.4799	370948.1215	343562.5943	391601.3223	516253.4175	412866.8977	317641.8126	391259.3002	391027.4213	369570.3345	402445.2637	245175.0296	309370.3525	407322.2272	463723.6929	347599.4537	319595.4132	396018.1457	357800.077	549660.6661	322226.0613	349482.1732	276011.7187	285054.1091	449108.0276	573768.0198	616417.4265	483844.4091	573102.3373	403125.507	363415.3103	638721.8835	423963.7638	472399.017	477144.8366	538029.0548	598254.1835	420969.8119	515494.1731	447281.7761	548904.914
CHEBI:17351	C18H32O2	CCCCC\C=C/C\C=C/CCCCCCCC(O)=O	InChI=1S/C18H32O2/c1-2-3-4-5-6-7-8-9-10-11-12-13-14-15-16-17-18(19)20/h6-7,9-10H,2-5,8,11-17H2,1H3,(H,19,20)/b7-6-,10-9-	Linoleic acid (C18_2n-6,9c)	67				24.151			MCF in house library		MSI:1														230579.6528	219674.3466		221153.3902		191969.0093		200627.7338		190969.2176	223305.1834	254696.6586	187968.6347	194972.725	224811.0193	293422.0463	175155.8746	225834.0187	203675.7829	196430.9253	252573.8949							299920.6527	141497.0042	357746.4725	245121.2336	363588.8131	373081.7756	165938.6512	148242.9469	88382.46634	176793.5853	292395.0859	209192.3063	189083.0018	237634.4281	222856.9855	169026.9081	299816.072	294545.9395	323474.9957				
CHEBI:75108	C18H32O2	CCCCC\C=C\C\C=C\CCCCCCCC(O)=O	InChI=1S/C18H32O2/c1-2-3-4-5-6-7-8-9-10-11-12-13-14-15-16-17-18(19)20/h6-7,9-10H,2-5,8,11-17H2,1H3,(H,19,20)/b7-6+,10-9+	Linolelaidic acid (C18_ 2n-9,12c)	79				24.055			MCF in house library		MSI:1							9569.428461	6671.47197	7165.853783	6658.523943	7138.838108	5426.186383	5239.659434			4635.890861		3349.828908		4889.003108		5011.072305													6761.765665	6440.226039	5322.343586	5628.741153	4901.736962	5097.5515																				5359.635999	5932.137047	5603.860167	4710.762514
CHEBI:25094	C6H14N2O2	NCCCCC(N)C(O)=O	InChI=1S/C6H14N2O2/c7-4-2-1-3-5(8)6(9)10/h5H,1-4,7-8H2,(H,9,10)	Lysine	142				26.396			MCF in house library		MSI:1							142087.6828	451334.7676	455848.1156	488656.836	257764.0243	257078.2674	187345.8339	31522.88086	100830.6386	177646.1752	90376.19512	382778.674	104605.2836	268378.7347	49172.96086	339272.9293	91275.39286	62197.60277	59135.71909	71703.55247	127963.7869	47863.21037	24989.81981	35868.03076	70552.22029	72636.56016	65138.16759	28398.01308	392254.2541	416627.8916	464972.1077	217328.6584	561830.2761	594333.0423	63289.70764	87025.58395	44073.63902	57297.2395	32398.72921	45097.44682	53487.06393	109066.9437	77404.63009	98184.6407	65885.18614	107566.1348	64134.51317	127802.9795	95545.55272	81403.61146	73202.47367	103591.7198	83675.22858	585857.3312	597644.1015	538336.3702	686039.5973
CHEBI:6650	C4H6O5	OC(CC(O)=O)C(O)=O	InChI=1S/C4H6O5/c5-2(4(8)9)1-3(6)7/h2,5H,1H2,(H,6,7)(H,8,9)	Malic acid peak 1	103				11.415			MCF in house library		MSI:1							5873.442139	11045.30007	12961.21593	19075.14045	10543.00628	5612.853728	5031.219476	6149.9204	17977.61069	11297.39885	22896.53023	11037.87957	19755.37142	12487.36103	18353.22795	11485.37257	21642.32622	16701.86935	17655.38389	27577.13527	22651.09086	21494.28415	8681.562559	26691.80911	17034.26273	18313.67715	23610.04469	33421.45317	21914.7158	10810.56488	10632.00796	30740.82668	39221.10678	38633.76499	32122.23177	8230.281731	20611.28154	37381.89508	20022.10109	29863.11496	9961.992934	12081.57835	16094.86592	6728.565688	39429.83925	20354.27413	17500.13112	41107.43524	13492.64844	16283.7393	30289.63741	39622.34436	27365.05767	30837.24774	6967.020432	32393.88178	7520.0553
CHEBI:6650	C4H6O5	OC(CC(O)=O)C(O)=O	InChI=1S/C4H6O5/c5-2(4(8)9)1-3(6)7/h2,5H,1H2,(H,6,7)(H,8,9)	Malic acid peak 2	75				15.2			MCF in house library		MSI:1							17484.43295	30321.51714	30620.41825	45360.91382	23905.53451	17255.0627	13470.43226	16533.37446	25282.12311	20139.91072	33680.6513	21492.83537	27965.30547	20162.02322	30691.38866	28093.97676	31948.87186	25453.4902	26415.11242	34171.34144	26628.93806	24296.77872	23481.35876	43195.38484	23357.09249	27454.03176	36017.66043	44334.77942	38546.025	31041.03787	18866.66929	51498.04406	60702.93747	55953.9717	35276.46236	10969.9388	30217.77311	38953.96022	31946.8255	33313.14932	20634.58257	15745.66358	18644.95819	12010.98842	51433.11242	23773.05298	25748.44467	43176.84726	16339.51255	28332.05864	48129.72047	38994.94256	31623.68363	53405.65122	18944.05677	42038.18404	17439.35726
CHEBI:30794	C3H4O4	OC(=O)CC(O)=O	InChI=1S/C3H4O4/c4-2(5)1-3(6)7/h1H2,(H,4,5)(H,6,7)	Malonic acid	101				7.518			MCF in house library		MSI:1							1839.3023	1991.983418	1034.500142	1202.071398	1318.588073	1165.504235	2006.234592	665.6922366	437.0296878	870.8365037	585.2358386	830.7655002	691.9950775	1004.120068	542.2544622	1553.47109	401.9339856	677.3976702	598.4555916	677.0501789	395.359203	548.8218542	566.9914794	451.269649	382.9245803	821.1071493	392.9562328	857.927632	1258.217123	1376.116675	927.5332142	1109.701381	1275.461162	1143.898202	641.8081314	679.8873746	582.2460037	454.4250792	806.9709097	498.9801426	635.581696	417.9037756	577.9172529	568.2518419	552.0177495	453.747194	648.6062584	461.6498054	452.4406687	522.175065	729.4955671	606.5951088	743.0023219	1689.39181	1112.868488	918.8818256	995.5538592
CHEBI:32365	C17H34O2	CCCCCCCCCCCCCCCCC(O)=O	InChI=1S/C17H34O2/c1-2-3-4-5-6-7-8-9-10-11-12-13-14-15-16-17(18)19/h2-16H2,1H3,(H,18,19)	Margaric acid (C17_0)	74				23.162			MCF in house library		MSI:1							42436.68606	33809.50664	40287.54208	35162.6083	43662.70204	49093.51172	56299.63254	22991.26157	22331.9511	43213.16545	19325.93404	66001.24575	17081.39799	47339.61661	16760.6897	39346.00637	17717.03714	19193.26459	23251.03806	15986.63636	17560.74006	18725.7592	22268.26071	12296.18567	28448.81319	21528.04892	19442.71208	24737.52185	51994.02646	34904.55035	27504.13948	28084.45586	28375.63066	38704.33968	22150.33683	14492.53457	27484.73533	18335.72128	25122.15723	23337.53034	14971.6315	16320.0337	9960.650052	18228.12745	28165.35675	20915.27066	18829.97792	18130.2469	21031.26031	18073.05919	26582.70522	20928.33151	26845.89655	38962.16086	36075.48683	29467.52894	30652.37859
CHEBI:16811	C5H11NO2S	CSCCC(N)C(O)=O	InChI=1S/C5H11NO2S/c1-9-3-2-4(6)5(7)8/h4H,2-3,6H2,1H3,(H,7,8)	Methionine	147				18.295			MCF in house library		MSI:1							12955.70409	17889.78739	26187.6883	25215.66948	27205.99351	43334.82413	39759.92191	37687.59442	51315.97275	38491.19704	47035.86465	45349.08955	49196.93306	35290.17579	41703.32543	47359.59665	50517.68963	42012.54072	44508.48274	48725.10706	62856.45374	43735.90018	44198.9637	49452.34192	54377.90423	52155.24256	52912.05588	34920.69692	36438.55738	36807.22639	39840.03863	25892.2093	32305.67354	36263.63144	41931.46459	68074.19466	42103.30946	42188.78656	31762.37501	35870.79604	60688.5046	63822.42306	68779.92777	65991.43431	60871.37079	50700.88646	50289.42109	61502.43689	52838.4591	55383.04778	54818.80789	60793.95412	65782.98026	41488.15245	51048.62649	43951.56859	56292.65844
CHEBI:28875	C14H28O2	CCCCCCCCCCCCCC(O)=O	InChI=1S/C14H28O2/c1-2-3-4-5-6-7-8-9-10-11-12-13-14(15)16/h2-13H2,1H3,(H,15,16)	Myristic acid (C14_0)	74				17.823			MCF in house library		MSI:1							116097.2668	54479.07401	48154.8518	35370.88356	53609.66549	41962.81914	53610.75709	35428.27532	27246.54053	31148.89389	33838.4677	21651.45409	23794.18546	30734.03628	30990.85858	40212.34045	26540.06485	35760.24948	30440.05665	33053.55222	26266.72758	30988.79607	34810.63967	32793.07207	23022.52357	27899.09862	25817.13374	39272.39793	70342.25859	39490.91355	23548.22495	47271.5507	20198.25705	29864.85898	32574.85679	25305.38295	33168.72751	36104.59215	37046.88165	33823.08511	24724.94632	20812.00414	19663.44016	22674.40819	24238.97487	33045.99564	29656.39936	22299.59325	33939.24797	31330.5039	28273.85148	26734.9992	25100.31135	24712.97754	33554.67109	23945.44486	20910.44543
CHEBI:27781	C14H26O2	CCCC\C=C/CCCCCCCC(O)=O	InChI=1S/C14H26O2/c1-2-3-4-5-6-7-8-9-10-11-12-13-14(15)16/h5-6H,2-4,7-13H2,1H3,(H,15,16)/b6-5-	Myristoleic acid (C14_1n-5c)	55				17.568			MCF in house library		MSI:1							2073.165479	1108.451688	968.6772457	808.8620834	1046.209033	794.5028869	1108.640024			729.9823324		596.8029011		836.0294842		1119.01486													1213.083419	723.8893	557.8853823	1170.185661	743.6434339	626.3504295																				542.4405014	641.7963157	652.4500618	531.1527774
CHEBI:149655	C5H9NO4	OC(=O)[C@@H](NCC(O)=O)C	InChI=1S/C5H9NO4/c1-3(5(9)10)6-2-4(7)8/h3,6H,2H2,1H3,(H,7,8)(H,9,10)/t3-/m0/s1	N-(Carboxymethyl)-L-alanine	174				16.515			MCF in house library		MSI:1														414.2085028	468.9426062		632.9095446		842.5801698		682.3636034		687.6354058	481.0217717	448.3697256	454.8051756	674.29361	852.4254332	395.5754507	694.5416971	487.4773668	583.1200081	446.4999227	217.8284342							489.7544143	643.4423952	349.5745987	371.2870189	667.4802239	370.5002256	651.9486066	483.2631339	702.3119979	561.2936561	340.3417704	594.8213216	694.4982106	303.6968968	588.7926511	599.9211302	274.6225227	548.1763186	426.9912078				
CHEBI:17154	C6H6N2O	NC(=O)c1cccnc1	InChI=1S/C6H6N2O/c7-6(9)5-2-1-3-8-4-5/h1-4H,(H2,7,9)	Nicotinamide	57				6.503			MCF in house library		MSI:1							4884.264097	3184.635911	3780.395579	2990.365815	3730.111291	4306.182314	4712.045791	4166.292018	3088.461323	4085.888859	3154.684198	3342.88934	2919.435836	3970.034191	3761.556102	4710.691588	2823.297885	4007.853566	3291.505754	3105.803591	3014.917113	3917.123099	4361.878637	4342.406057	3480.300878	3717.13249	3005.706797	4240.961415	3174.096783	3420.039404	3146.39553	4528.914757	2877.22405	2464.968298	3153.346563	4599.607747	4065.507184	4189.969285	4416.436507	3506.804555	4348.14259	3194.686209	3879.56111	4078.656588	3193.816979	3160.555455	3495.94694	2620.339557	3276.579455	3755.018912	3159.574591	2832.110937	3418.75119	2696.909823	3753.823443	3121.560269	3094.417886
CHEBI:15940	C6H5NO2	OC(=O)c1cccnc1	InChI=1S/C6H5NO2/c8-6(9)5-2-1-3-7-4-5/h1-4H,(H,8,9)	Nicotinic acid	137				10.897			MCF in house library		MSI:1							472.4668279	498.2842135	293.7469538	312.4128801	421.6746648	212.3341049	212.3482068	860.6929928	2044.199716	283.9441232	1930.785091	240.9021677	1786.130691	287.5233676	1644.945489	204.9808326	1276.783676	1143.54248	1090.246385	2523.465418	2842.705435	2865.126082	1074.646641	1644.519045	1522.549952	1527.856841	1511.9286	1524.79904	319.6203086	253.4131839	362.8205633	530.7804157	182.079968	344.7867974	2500.045999	3517.568875	2855.615878	3026.036442	2343.674085	2476.973283	2345.923856	2016.237173	3441.587946	2286.923739	3734.420828	1750.639174	1544.009238	4308.98587	2858.226782	1973.821746	4212.766121	4759.130755	4587.80421	254.5782121	325.6404952	309.5180886	292.7538647
CHEBI:39246	C19H38O2	CCCCCCCCCCCCCCCCCCC(O)=O	InChI=1S/C19H38O2/c1-2-3-4-5-6-7-8-9-10-11-12-13-14-15-16-17-18-19(20)21/h2-18H2,1H3,(H,20,21)	Nonadecanoic acid (C19_0)	74				25.559			MCF in house library		MSI:1							5614.296454	4094.696662	5185.272315	5436.702305	5130.754975	7212.35954	6907.179094	2462.388859	1964.41742	7380.311422	1855.16473	10388.53422	1850.542811	6519.03943	1347.61464	5499.674415	1547.401481	1635.474024	2681.722927	1605.415383	1821.562954	1572.156994	1737.894814	1035.122564	2285.785293	1824.568082	1972.041325	2102.835387	7891.950445	6083.993571	3627.230309	3297.010443	3607.346694	5635.683559	2119.027674	1070.728361	1874.99103	1621.192174	2098.124365	2463.029726	1351.634036	1370.565937	603.8328248	1442.66386	1391.458275	1937.088021	1406.333381	1178.160826	1944.048718	1686.045265	1141.901211	1241.199227	1772.859971	6010.024859	6115.507422	4228.615023	4695.504983
CHEBI:18347	C6H13NO2	CCCC[C@H](N)C(O)=O	InChI=1S/C6H13NO2/c1-2-3-4-5(7)6(8)9/h5H,2-4,7H2,1H3,(H,8,9)/t5-/m0/s1	Norleucine	144				14.362			MCF in house library		MSI:1														1752.31714	1485.723644		1633.235409		1527.611775		1559.382655		1416.0853	1457.942277	1548.055474	1422.55557	1756.882512	1925.653469	1781.408113	1833.054882	1552.608879	1666.940235	1638.073903	1554.005087							1270.355764	2470.71826	1711.553555	1431.297287	1632.386869	1449.133947	2633.708702	2056.839199	2530.655594	2334.471342	2731.035182	1497.36574	1790.805959	2160.215866	1932.686053	2075.935981	2061.0845	1974.235005	2639.069007				
CHEBI:19475	C5H11NO2	CCCC(N)C(O)=O	InChI=1S/C5H11NO2/c1-2-3-4(6)5(7)8/h4H,2-3,6H2,1H3,(H,7,8)	Norvaline	130				11.779			MCF in house library		MSI:1							1954.653733	1468.32362	1431.40238	1362.766529	1502.073536	1564.505685	2152.142562	1600.351033	1558.414181	1639.944995	1516.517026	1505.88639	1054.095646	2044.733487	1467.402608	1976.324632	1251.052803	1461.909467	1258.26704	1814.531989	1357.480781	1704.850866	2087.319795	1645.735405	1645.399477	1419.680868	1401.21114	1990.878874	1269.270275	1310.686222	1574.173089	1847.856471	1296.19304	1097.583558	1610.708561	1622.429946	1885.205872	1982.086936	1722.306484	1581.597737	1663.969247	1558.721665	1895.724083	1725.630083	1317.786733	1557.590368	1404.293739	1028.60155	1606.267671	1654.714761	1524.107815	1463.670784	1533.970616	1357.450608	1453.262922	1777.091071	1590.597545
CHEBI:16196	C18H34O2	CCCCCCCC\C=C/CCCCCCCC(O)=O	InChI=1S/C18H34O2/c1-2-3-4-5-6-7-8-9-10-11-12-13-14-15-16-17-18(19)20/h9-10H,2-8,11-17H2,1H3,(H,19,20)/b10-9-	Oleic acid (C18_1n-9c)	55				24.112			MCF in house library		MSI:1							546607.7763	409478.8937	335315.5863	311292.5029	409256.9157	374753.3617	416212.9073			372606.2346		322884.2486		350265.3898		416747.9489													362897.0827	341650.8237	338819.788	401872.3684	305750.1246	266207.7544																				316706.0907	353352.6067	310756.161	332431.0726
CHEBI:18257	C5H12N2O2	NCCCC(N)C(O)=O	InChI=1S/C5H12N2O2/c6-3-1-2-4(7)5(8)9/h4H,1-3,6-7H2,(H,8,9)	Ornithine	128				24.869			MCF in house library		MSI:1							108651.5689	72112.79868	82846.46529	115190.579	52962.33789	88442.98803	44491.50895	32512.6778	21821.34441	61868.51792	77270.85775	85114.80046	81953.10759	73490.97275	59457.61354	68595.09524	74339.15463	17542.9136	81903.46179	26489.35381	32922.34508	20466.7028	35960.44564	46270.34353	90605.44473	82807.16214	81647.77449	35261.43413	141951.9453	102503.5557	125840.216	46056.92761	69731.21945	139408.5501	15523.62367	17726.08395	9554.282377	19023.49978	8942.390495	25074.49914	9893.797473	19837.55553	17778.08231	31645.82911	10000.65239	68355.77728	35212.38504	16457.6248	21882.42723	18480.35574	12830.81724	25435.38119	15747.88719	123838.3569	118191.692	95831.02094	129444.888
CHEBI:16995	C2H2O4	OC(=O)C(O)=O	InChI=1S/C2H2O4/c3-1(4)2(5)6/h(H,3,4)(H,5,6)	Oxalic acid	59				6.096			MCF in house library		MSI:1							2741.571727	2970.096875	1548.311703	1874.477281	1835.994284	1636.839281	2343.646773	1664.903008	1327.045523	1751.73402	1607.754635	1538.601499	1636.416032	1576.955085	1506.975419	2403.045736	1154.34021	1460.917669	1599.028032	1611.979581	1502.20327	1922.468816	1492.638034	1655.466287	1342.196396	1244.538816	1660.761908	1386.070316	1797.979373	1417.65982	1639.519803	2756.355043	1620.691993	1534.264491	1492.248107	1317.046153	1207.621341	1576.788892	1708.472697	1536.779162	2062.230739	1844.916431	1865.921175	2107.170606	1568.892551	1562.540337	2633.178238	1271.253844	1852.114427	1643.110871	1756.262937	1664.535391	1687.273627	2069.909774	1199.284413	1930.970803	1389.388863
CHEBI:59265	C16H30O2	CCCCCC\C=C\CCCCCCCC(O)=O	InChI=1S/C16H30O2/c1-2-3-4-5-6-7-8-9-10-11-12-13-14-15-16(17)18/h7-8H,2-6,9-15H2,1H3,(H,17,18)/b8-7+	Palmitelaidic acid (C16_1n-9c)	55				21.23			MCF in house library		MSI:1							55823.7729	44005.87804	38802.10598	25941.04191	26968.94396	33301.45434	28389.52222	14426.02146	9778.650073	17970.08575	9034.167279	7744.558577	11127.62902	15525.15599	8468.581523	22988.79376	9494.692229	11799.41447	9614.934789	10535.53845	9621.215779	9610.220979	11105.12149	8791.851815	6262.711908	7418.81127	7624.984453	9627.043258	47506.4468	42714.66159	13340.48297	24420.83662	10289.32097	16802.65894	13007.66508	7780.374744	13552.8256	14637.02235	15469.63234	12136.87029	9258.215777	8711.610222	5928.187067	8033.225529	9696.627574	9461.866487	8370.692089	9171.188449	9966.090347	9382.905723	12607.1556	11346.04941	8948.945687	13437.77149	17208.36131	14899.07527	9808.684862
CHEBI:28716	C16H30O2	C(CCCCCCC/C=C\CCCCCC)(=O)O	InChI=1S/C16H30O2/c1-2-3-4-5-6-7-8-9-10-11-12-13-14-15-16(17)18/h7-8H,2-6,9-15H2,1H3,(H,17,18)/b8-7-	Palmitoleic acid (C16_1n-7c)	55				21.103			MCF in house library		MSI:1														4763.397782	4138.92822		3416.88958		3861.245489		3292.030049		3084.155704	3954.296502	3309.440543	3027.03321	2773.17396	3217.561006	3045.930971	1589.782834	2102.817917	2323.207806	2151.730319	2523.889232							4085.117597	3061.378271	5041.592103	3784.671242	4597.428554	4173.10738	3083.798744	3198.647382	1736.343316	2664.985169	2355.414082	4370.82297	3679.514749	2390.65924	4848.75913	3287.382131	3900.394798	3370.684167	2807.420166				
CHEBI:28897	C15H32	CCCCCCCCCCCCCCC	InChI=1S/C15H32/c1-3-5-7-9-11-13-15-14-12-10-8-6-4-2/h3-15H2,1-2H3	Pentadecane	57				14.05			MCF in house library		MSI:1														1683.730667	1998.103278		1388.291196		1128.952975		1363.657671		1310.499993	1572.990783	1503.690469	2053.65636	1692.202069	1761.113068	1447.80615	1711.418858	1330.434207	1137.39309	1293.21624	1702.469159							965.3642968	1892.625483	1666.154256	1333.987966	2234.156604	1343.561302	1976.304458	1772.62502	1727.272866	1743.025548	1739.063436	2092.187062	1687.804021	978.239753	1626.927062	1890.273735	1635.466776	1360.437579	1662.820386				
CHEBI:42504	C15H30O2	CCCCCCCCCCCCCCC(O)=O	InChI=1S/C15H30O2/c1-2-3-4-5-6-7-8-9-10-11-12-13-14-15(16)17/h2-14H2,1H3,(H,16,17)	Pentadecanoic acid (C15_0)	74				19.387			MCF in house library		MSI:1							10861.99657	10431.67228	12728.37971	8699.082783	9527.568101	11552.37531	12592.37894	11288.52653	7972.910775	9402.574882	8212.206831	14716.8423	7643.281479	10719.09232	7480.330787	9868.731282	7370.564278	9658.123737	9830.152257	7001.186476	6995.189825	8137.849777	10671.30708	6421.165707	10184.74831	9179.504015	7867.292337	9947.092857	15754.42582	10052.40249	6912.12186	7109.988825	6157.367632	9679.760687	7566.440491	7890.966405	7699.721032	7164.044439	7743.462286	7441.8755	8231.192136	8341.240526	5391.73473	9663.760406	9914.529317	8970.169527	8790.858407	7083.463048	10133.43142	8835.2021	12095.65936	6516.496004	10622.11168	9263.768298	8525.668628	7271.916457	5735.877838
CHEBI:31988	C10H12O2	CC(=O)OCCc1ccccc1	InChI=1S/C10H12O2/c1-9(11)12-8-7-10-5-3-2-4-6-10/h2-6H,7-8H2,1H3	Phenethyl acetate	104				12.662			MCF in house library		MSI:1							3161.893387	2117.707907	1169.093228	1443.562963	1132.823289	1446.671923	1920.253109	406.139506	350.1556322	2931.108232	285.2202753	2874.964141	226.3128555	2226.094381	374.3374	2000.819197	330.0649948	1575.966176	298.2838595	303.8286121	236.0836141	403.3893706	425.902902	459.7841707	412.9835064	298.7717356	280.4237319	469.73059	2374.585463	560.8324562	2116.453286	3482.166402	3012.431947	1674.67873	368.6418606	268.9388136	230.4014401	378.8450244	381.5819587	312.7340614	334.1577586	311.9423917	392.620914	378.0614295	345.5299071	292.8731888	783.2226516	254.8612149	333.6491689	454.8725011	245.3672024	214.4689831	213.4956039	2267.815098	2237.329357	3015.163426	2570.893874
CHEBI:28044	C9H11NO2	NC(Cc1ccccc1)C(O)=O	InChI=1S/C9H11NO2/c10-8(9(11)12)6-7-4-2-1-3-5-7/h1-5,8H,6,10H2,(H,11,12)	Phenylalanine	162				20.045			MCF in house library		MSI:1							152188.0439	163806.3215	123754.9039	127148.4513	118989.7524	111561.7387	103000.605	92234.01284	118006.8804	117879.2909	116678.9294	127553.2367	116874.9221	111390.976	89567.17492	112654.3716	110660.5004	102131.336	97995.68722	109513.3353	153939.4525	114205.9001	100623.846	130170.0074	136169.5491	125995.1317	126442.97	96438.36735	91203.24058	117251.3722	132394.3939	116505.0669	109175.87	121153.2286	108269.3188	171155.6771	102193.821	95109.94089	78824.91846	87549.6017	135812.6244	160475.0498	171333.0288	150881.3013	153801.2761	120172.0568	104911.0425	178201.4032	126691.651	137000.1708	128527.1155	149756.9687	159871.5274	135064.9861	136495.0063	128928.3529	147448.7739
CHEBI:26271	C5H9NO2	OC(=O)C1CCCN1	InChI=1S/C5H9NO2/c7-5(8)4-2-1-3-6-4/h4,6H,1-3H2,(H,7,8)	Proline	128				15.098			MCF in house library		MSI:1							216620.5101	585022.5766	468108.858	613564.5328	471619.1796	507809.8452	410960.2204	414940.0918	564277.131	575150.0614	623111.776	651351.8759	628829.4187	412759.6996	532816.8816	526731.1237	641731.5279	568101.5893	545277.9982	533898.14	708794.1579	567224.9019	449542.4909	830472.3866	677167.4872	718041.2029	633086.0693	525007.9017	439296.4685	575688.2848	734317.6097	388521.3893	528255.4511	621057.3273	578681.0859	643361.9649	512903.1151	545808.9234	453010.4124	487371.1355	517805.4071	733355.7668	794301.9119	608906.2023	861911.383	602972.2711	496758.9668	931394.1252	602262.5742	578597.8213	714630.0895	815929.6404	860633.6971	627539.7907	604321.3125	668333.9674	737915.2007
CHEBI:18183	C5H7NO3	OC(=O)[C@@H]1CCC(=O)N1	InChI=1S/C5H7NO3/c7-4-2-1-3(6-4)5(8)9/h3H,1-2H2,(H,6,7)(H,8,9)/t3-/m0/s1	Pyroglutamic acid	84				16.477			MCF in house library		MSI:1							15555.06172	18190.8341	24167.80958	25330.57996	17212.30395	11509.20849	15539.19884	71684.96764	137580.137	20891.13297	131881.9099	20279.40223	150745.2522	21082.098	139724.1084	18083.43484	134978.8374	118484.0926	102949.4647	160121.4296	181363.96	204700.9977	92944.40791	117656.0933	109393.5804	112750.2715	162569.5328	90382.98026	43637.84364	24385.82606	19646.92857	38956.81377	33178.21517	34316.94607	186028.8825	138822.6968	199829.5524	221479.7924	160840.8305	168151.3282	143712.3866	152679.4609	166647.4934	111423.7489	117700.1454	137595.9491	107921.5545	160181.0366	156879.1535	129155.941	121400.142	172445.8665	131039.2753	30283.11284	24997.38688	33526.4366	16890.08616
CHEBI:67040	C15H22N6O5S	C[S+](CC[C@H](N)C([O-])=O)C[C@H]1O[C@H]([C@H](O)[C@@H]1O)n1cnc2c(N)ncnc12	InChI=1S/C15H22N6O5S/c1-27(3-2-7(16)15(24)25)4-8-10(22)11(23)14(26-8)21-6-20-9-12(17)18-5-19-13(9)21/h5-8,10-11,14,22-23H,2-4,16H2,1H3,(H2-,17,18,19,24,25)/t7-,8+,10+,11+,14+,27?/m0/s1	S-Adenosylmethionine	115				18.005			MCF in house library		MSI:1														390.0015124	1205.599139		1506.6535		1257.777216		1021.406334		1335.343594	731.9465309	930.7211567	1187.18217	1322.715043	867.2871468	445.6816745	1324.616301	1096.497348	1220.843127	1488.333076	845.7584457							1358.759088	407.1783907	952.2502868	1310.369199	696.3006135	1186.198303	538.7441414	810.0599252	978.3128385	759.601952	1650.865112	889.3445002	1054.49508	3515.406039	534.0452642	668.3840832	2339.481903	2037.455339	1481.302097				
CHEBI:17822	C3H7NO3	NC(CO)C(O)=O	InChI=1S/C3H7NO3/c4-2(1-5)3(6)7/h2,5H,1,4H2,(H,6,7)	Serine	100				17.46			MCF in house library		MSI:1							3961.452634	6334.668751	7241.500992	6298.53094	4973.481722	4446.182822	6576.280662	5480.193665	12580.7816	5577.154451	13364.25492	6299.145571	11783.06587	6265.797695	9829.030588	6313.151808	9439.681396	7589.23422	7711.015344	9343.667566	12482.51684	8345.913768	5350.817264	6893.11348	8454.399693	10123.2106	11012.75724	5112.275152	7069.411726	7912.930526	8163.462674	5853.39705	10606.60883	11755.09785	7142.98857	12253.05342	4982.573014	6221.183256	5135.793432	5708.890573	10774.88283	14228.53424	11988.54355	11917.05291	13220.41005	13103.39397	9385.414144	15047.49448	10195.40959	12036.71544	12724.17688	14315.00436	13951.51448	9296.152805	8785.970253	7957.780404	8965.706307
CHEBI:28842	C18H36O2	C(CCCCCCCCCC)CCCCCCC(=O)O	InChI=1S/C18H36O2/c1-2-3-4-5-6-7-8-9-10-11-12-13-14-15-16-17-18(19)20/h2-17H2,1H3,(H,19,20)	Stearic acid (C18_0)	74				24.298			MCF in house library		MSI:1							1438068.932	943122.8314	1038704.948	1108196.714	1350234.187	1567408.362	1377371.24	1774404.674	1326669.659	1173909.965	1178362.498	1114137.828	1023240.5	1119731.003	1164749.75	1183742.392	1197489.997	1285242.568	1394307.135	1221916.157	1186808.498	1208775.357	1521035.077	729504.7558	1301974.939	1276517.694	1045927.884	1392544.323	1092699.858	993379.681	1082125.985	962929.4865	891925.0332	937231.9666	1190856.423	1209993.424	1361543.123	1191867.231	1250721.907	1225885.65	1231228.13	1125606.985	740729.2417	1394754.431	913709.7402	1208478.927	1192587.024	914203.9651	1347587.301	1250026.765	1066388.511	950577.7494	995826.2613	923750.0864	1062755.683	842170.5812	1159084.07
CHEBI:15741	C4H6O4	OC(=O)CCC(O)=O	InChI=1S/C4H6O4/c5-3(6)1-2-4(7)8/h1-2H2,(H,5,6)(H,7,8)	Succinic acid	115				9.138			MCF in house library		MSI:1							69855.56364	51166.40674	58521.4667	80731.79737	54357.28327	31369.44732	39270.08801	3376.875164	2638.134586	62092.09597	3275.512383	37838.49357	2832.39243	71854.30128	3585.082756	45451.59897	2916.461392	3179.70268	2756.293892	3137.68684	2519.303224	2882.110898	3999.267807	3561.502783	3216.305093	2518.954805	3272.517726	4087.629668	152268.2204	54346.74216	42422.69683	147196.5186	128299.6749	104168.2517	2561.044293	3581.66177	3331.17353	2768.119505	3173.701306	2863.409002	4245.849398	3233.307648	3786.265052	3687.838484	3509.255693	2606.158883	2883.034422	2423.470714	2876.820234	5166.051976	3458.733834	2566.42548	3063.238687	121017.3064	39751.32517	92489.63248	30087.84997
CHEBI:72770	C6H13NO2	CC(C)(C)C(N)C(O)=O	InChI=1S/C6H13NO2/c1-6(2,3)4(7)5(8)9/h4H,7H2,1-3H3,(H,8,9)	tert-Leucine	115				14.197			MCF in house library		MSI:1							54976.80895	76726.5414	64156.69255	85536.49201	60930.8494	75544.2745	63073.93116			60205.09723		84956.18175		58318.58582		78392.9212													56407.91845	70423.93924	97064.25392	70714.76385	59628.48538	87171.51235																				87459.76005	108369.7845	102000.2792	125355.8698
CHEBI:26986	C4H9NO3			Threonine	115				15.695			MCF in house library		MSI:1							25113.42908	53528.64301	52524.70615	69305.38605	45686.74044	41505.48415	32110.17547	17626.72353	44373.14006	39841.60846	55196.28797	46697.34859	40715.42358	30831.35188	29741.64119	33591.0728	36718.8434	32388.13809	30666.60136	40788.05344	55586.37204	37111.8221	20173.0294	30029.50161	23032.97885	29357.92889	34747.1322	19700.69565	55538.40383	45032.76908	65666.62066	44012.80582	85119.6809	80461.03498	37532.51519	38244.60737	27466.57561	38621.40798	22927.19636	31831.14842	31795.45171	56644.77717	42999.11686	37435.03971	49059.02105	57604.44377	40801.00501	73027.65782	45905.16739	34217.55181	48008.92431	67919.44601	59342.37279	60760.53272	61039.15042	90871.69702	93299.79845
CHEBI:18095	C5H9NO3	[C@H]1(C[C@@H](O)CN1)C(O)=O	InChI=1S/C5H9NO3/c7-3-1-4(5(8)9)6-2-3/h3-4,6-7H,1-2H2,(H,8,9)/t3-,4+/m1/s1	trans-4-Hydroxyproline	216				17.471			MCF in house library		MSI:1							4034.139838	15836.67188	31830.77359	36857.53795	16182.05018	29876.10856	29754.80395			17782.28019		35181.63016		29380.46473		25928.14155													19637.76651	25175.14581	22252.99455	12721.44876	34995.4093	41962.53816																				31420.16888	8010.33464	25732.20837	11568.06884
CHEBI:28727	C18H34O2	CCCCCC\C=C\CCCCCCCCCC(O)=O	InChI=1S/C18H34O2/c1-2-3-4-5-6-7-8-9-10-11-12-13-14-15-16-17-18(19)20/h7-8H,2-6,9-17H2,1H3,(H,19,20)/b8-7+	trans-Vaccenic acid	55				24.108			MCF in house library		MSI:1							431117.2896	314546.5235	309473.7138	280094.3063	322970.8827	298593.085	320747.4067	401341.1425	246112.4265	284319.7343	260975.7299	243765.2355	257425.6506	258682.5621	270173.2055	322936.3437	256556.3263	284050.7946	274813.8283	248464.2873	246251.3796	241116.4423	304814.6193	151714.18	238463.9953	228533.5913	213913.3939	273602.2487	362897.0827	308549.2458	263290.6901	321845.4941	251868.8762	266207.7544	266369.8233	223515.802	292444.1215	269669.6353	308548.7858	306343.9285	234112.2896	215044.1722	115780.4089	230232.4524	136203.1163	277356.6848	277195.5501	166725.018	302717.9283	265199.9512	195266.9945	201844.1223	145545.6903	240077.1493	274709.9002	242943.5616	257364.0229
CHEBI:35998	C13H28	CCCCCCCCCCCCC	InChI=1S/C13H28/c1-3-5-7-9-11-13-12-10-8-6-4-2/h3-13H2,1-2H3	Tridecane	57				11.221			MCF in house library		MSI:1							6456.519929	4748.694692	3803.97393	4037.128512	4378.578546	4487.016304	4757.642032	5139.950966	3630.980935	4449.20319	3127.559503	3878.22749	3141.396522	4770.676184	3831.075905	4366.478491	3537.551436	3733.125667	3803.119209	3464.959018	3132.95892	4201.61876	4786.462954	4465.258441	3988.688803	3845.913411	3550.218898	4445.403744	3927.553303	4021.376427	3737.441932	5299.163546	4131.051948	3505.209915	3514.032124	3883.275393	4275.47894	3141.296025	4559.38564	4300.591329	4798.232632	3989.891734	4609.084459	4388.295857	3786.302196	3121.780695	4275.090307	2829.41732	3646.382558	4091.531731	3624.828555	3105.798967	3977.413695	3661.248492	4279.695958	3585.837402	4007.962519
CHEBI:27897	C11H12N2O2	NC(Cc1c[nH]c2ccccc12)C(O)=O	InChI=1S/C11H12N2O2/c12-9(11(14)15)5-7-6-13-10-4-2-1-3-8(7)10/h1-4,6,9,13H,5,12H2,(H,14,15)	Tryptophan	130				33.538			MCF in house library		MSI:1							16474.71287	25107.98787	15665.84925	27133.23819	18390.71369	21588.07844	18840.36667			12546.08226		23094.88436		10881.6536		21699.60613													21774.70921	42448.78546	36406.89781	23028.4638	33856.05743	32687.84683																				41531.33179	34195.41355	28334.97411	42530.36602
CHEBI:18186	C9H11NO3	NC(Cc1ccc(O)cc1)C(O)=O	InChI=1S/C9H11NO3/c10-8(9(12)13)5-6-1-3-7(11)4-2-6/h1-4,8,11H,5,10H2,(H,12,13)	Tyrosine	236				28.765			MCF in house library		MSI:1							15958.00166	70036.61446	54395.25531	92689.66968	29439.72957	22661.41568	17209.324	9245.725508	28863.46173	17856.06094	33378.16985	26148.29455	25952.86193	13170.78195	11919.97235	23566.34982	22664.46297	15707.09649	18312.36353	28102.27114	47527.18894	19311.73534	9096.916782	14145.05323	23963.49865	21709.37246	20466.39483	8076.688927	47108.53333	49752.07034	45020.96022	32696.07361	80071.91941	76561.78301	20679.30552	27637.86163	12849.13647	20928.11716	10127.48492	15016.21479	19805.32577	38185.70992	23489.87435	31005.67601	24844.94924	36880.57193	21889.4414	46277.91306	24047.53143	22260.90321	25140.70104	41158.83857	32993.06513	86351.49024	60701.91755	76992.62455	77561.65583
				Unknown   045(100) 59(89.0)  74(67.8)	45				9.02			MCF in house library		MSI:4							21055.5869	7079.7882	4238.208558	5111.721091	9135.524629	3118.511331	4021.588432	3445.461637	5238.150964	1909.356545	4083.499503	2116.568428	4400.044172	2367.644346	4923.071577	3186.871813	3764.692938	4373.826831	4735.728238	3993.845861	3132.95892	3685.704986	3233.170017	4301.049809	3000.664971	3278.247113	3127.314499	3549.751635	3686.226153	4068.112465	3496.53688	3234.057417	2860.097716	3111.903014	3160.418829	4300.507571	4656.833047	3195.146814	4049.841151	3747.828895	5133.7543	5225.777782	5802.496544	4816.224285	8874.826714	4571.296731	5033.83725	5358.953031	3988.295484	4524.356841	7977.265238	5560.188412	8877.466983	2338.881101	2850.671649	2393.48931	2939.935391
				Unknown  042(100) 41(57.3) 86(37.5)	42				8.601			MCF in house library		MSI:4							711.0704768	462.5277075	633.668178	540.4383731	729.3832039	504.0018313	596.6593786			961.3856139		681.0690914		865.8876801		573.6884939													1104.394092	545.2537769	407.6854717	1155.373184	713.8976965	666.0486961																				607.2095165	648.1194322	581.2257289	515.895247
				Unknown  056(100) 59(24.8) 115(10.8)	56				7.044			MCF in house library		MSI:4							1565.935206	1160.356294	914.6435251	810.6575597	869.5615384	1053.503828	948.401807	2284.870929	1965.30389	1067.585187	2216.827327	875.3770127	2409.361477	937.768522	2948.709176	1080.339231	2407.167556	2587.599592	2713.81676	2418.438243	2422.282561	2245.180313	1773.496604	2674.776168	2313.2304	2164.549712	2168.065682	1972.625094	1050.049429	1027.154258	1304.008315	1208.451226	1012.256456	795.4356393	1930.728594	2515.960303	1953.30482	2222.99836	1895.228822	1986.956855	2335.012583	2189.538502	2789.811313	2054.984212	1593.795608	2463.434766	2892.212812	1689.409371	2303.522126	2428.694247	1537.319895	1827.7879	1762.514369	1187.431943	1191.907444	884.5886283	1404.646393
				Unknown  059(100) 57(69.6) 71(61.8)	59				15.626			MCF in house library		MSI:4							2103.188455	1959.687219	1735.956078	1587.201069	1665.045095	2277.341608	2515.609738			1688.014276		1546.532435		2205.083058		2017.578636													1451.647281	1739.619193	1105.042199	1702.20045	1741.477714	1412.229079																				1502.281322	1263.56943	1129.037573	1357.920206
				Unknown  067(100) 81(94.1) 95(68.3)	67				24.928			MCF in house library		MSI:4							839.0631626	836.2408676	965.7299518	620.3370695	541.3390967	1006.836992	764.7140944			569.0061366		615.6388731		726.5494327		671.6667535													869.5146149	818.3999546	705.1593206	573.9834728	451.5943762	643.2589505																				762.8350667	686.0581306	571.5532887	667.5169554
				Unknown  069(100) 57(39.0) 98(20.8)	69				13.606			MCF in house library		MSI:4							1253.064196	1328.757903	737.805894	1070.103888	818.2767819	1587.839103	1026.566791			501.9327217		654.3021839		750.878333		1380.719948													505.6816987	844.3644202	681.7515423	877.6392456	677.8422573	681.4869109																				1006.618443	702.9197744	489.7772027	640.8162772
				Unknown  071(100) 57(94.4) 85(72.9)	71				13.934			MCF in house library		MSI:4							4994.87506	4556.070934	3401.177104	4005.707676	4138.110021	4629.350154	4973.898488	4376.085935	4696.517821	4359.77197	3347.022942	4161.758437	1175.085981	3976.669346	3127.321593	4220.80029	3111.66112	3712.29792	5169.93892	4310.80287	3965.719613	4120.940886	3248.993035	3389.995989	3149.652691	2860.99693	2335.049393	3846.67978	3481.742843	4004.759169	2842.094412	4691.852001	3604.642536	3029.565868	2929.686154	4791.886432	4713.582171	3273.561121	6454.614462	4305.57117	5541.563156	4714.786435	4364.182305	4795.349727	3780.076431	4888.094771	4417.865269	3113.274721	4962.385782	5140.523418	3538.006314	3934.865633	3512.802117	3078.327356	4287.072927	2909.645896	3613.17392
				Unknown  073(100) 281(83.3) 147(59.4)	73				13.845			MCF in house library		MSI:4														6721.47434	10093.34691		7281.747604		6746.734397		5365.859245		5064.545673	1403.393416	752.3172027	4663.394099	4854.267188	10598.52494	1712.841702	4507.83105	2745.817554	1338.291326	4683.711588	3533.931693							1804.311841	7640.878443	1247.345727	978.761709	1844.504936	4294.615519	4685.028167	10392.13796	9273.887397	7252.749019	5116.540457	10141.66228	4938.993882	5229.996308	5675.134781	7077.212714	8495.367523	5210.475928	15732.83904				
				Unknown  073(100) 429(77.4) 355(44.6)	73				17.918			MCF in house library		MSI:4							1935.691854	1560.598474	1551.258997	3294.699052	1323.146718	1383.671694	1263.667243	1869.317594	3425.319906	479.5749167	2193.812434	441.1582907	1945.420124	1324.819209	1316.598112	346.7914716	1367.285368	409.612354	246.367365	1189.057655	2849.981985	2632.646419	464.1418622	771.1723922	620.7821695	329.6791565	1148.920533	654.7022213	1773.109781	2851.936898	1304.983639	1972.52815	2159.720809	1243.879022	398.6989907	1500.527773	385.8940376	362.7842628	545.2817718	1142.375696	786.9756193	2363.830124	1262.088351	1770.858291	1045.928368	4045.77498	1448.146049	1234.627083	1614.531427	1539.836247	1637.354216	1193.98404	3039.725955	1895.393261	1277.269515	1588.03883	2243.810566
				Unknown  074(100) 87(68.8) 55(33.1)	74				20.594			MCF in house library		MSI:4														1867.972761	2003.422098		1375.961789		1254.29548		1188.253861		1314.93635	1592.826733	1767.992623	931.1784317	1431.054784	1274.922721	1836.788676	1272.312811	2094.976458	1378.470973	1245.117671	1865.536255							1685.851386	1701.603522	1928.335205	1325.48521	1677.346677	1606.496946	1481.205412	1240.837514	1034.031318	1501.808439	874.719855	1137.667965	1180.952904	941.6129916	956.5298156	1409.872675	922.014449	1093.951865	962.1409814				
				Unknown  082(100) 142(56.8) 110(42.6)	82				15.008			MCF in house library		MSI:4														1239.935843	1647.947646		1578.98602		2144.749523		2207.521124		1621.045015	1656.30177	1894.480083	1520.080803	979.100194	1349.23129	1497.912373	2168.770308	1304.296011	1471.193236	2446.674373	1780.351951							1530.261536	1470.366411	1144.062323	1222.507386	2041.636402	1443.158137	2107.239743	1407.206789	1881.470518	1499.489044	1810.659724	1744.039215	1578.683157	1399.447509	1178.618272	1430.759678	1777.968497	1533.293177	1451.205801				
				Unknown  083(100) 111(76.7) 56(56.9)	83				21.774			MCF in house library		MSI:4							755.314862	719.743864	737.805894	646.3714762	640.4896259	670.8357709	617.5033743	406.139506	585.0701703	685.2667224	496.4641103	874.3856458	458.7187495	745.3490375	449.20488	716.7883204	499.5338496	413.5795439	413.4440838	600.1552832	554.634792	510.6060191	394.2568659	340.5808672	526.6846617	539.8496188	377.5283899	442.9583802	654.8992491	783.0882814	609.5775593	769.0144163	918.5123141	723.3906369	439.3645197	536.6209038	490.3124242	427.97206	426.5417666	583.6374522	646.4929697	588.2342244	428.9027146	625.0770261	371.4705908	761.470291	593.5359157	611.9721388	612.550951	565.1094592	639.8421662	454.5462029	454.2659766	744.8436736	813.5743116	710.4847034	517.8024383
				Unknown  086(100)   59(56.6) 128(39.3)	86				13.283			MCF in house library		MSI:4														341.5875315	331.5397631		350.1551506		476.9978647		432.0923131		517.2792794	434.4072907	413.4440838	423.8596688	312.0831337	353.4964748	361.292245	375.8553142	526.6846617	367.798309	422.9043983	303.0127381							327.9763316	335.5451553	340.494739	375.0660217	375.8178808	399.3833077	435.0870408	448.6028681	447.0436149	389.6584059	492.8729907	403.4225052	451.7807743	529.5619256	411.1218862	450.2309449	586.0501257	520.1673097	790.9682946				
				Unknown  088(100) 115(48.9) 59(30.2)	88				15.14			MCF in house library		MSI:4							5053.340855	3963.204995	3726.361859	4139.470662	4277.148694	3529.17949	3675.057002	4557.638363	3771.929658	3215.052355	3220.441033	3415.259127	3602.726573	4213.323194	4204.343769	4311.043424	3448.824287	3974.132452	4031.551785	3560.608766	3547.722255	4253.634758	4203.648457	4526.076453	3876.294557	3685.194822	4043.909869	4814.130088	2991.719777	3950.75308	3487.758963	4188.227792	3923.733173	3464.041342	3394.687637	4485.245915	4074.587044	3582.494595	4048.688336	3386.292385	4855.516819	4011.678187	5041.874509	4639.950244	4581.124745	3701.752108	4014.016089	3099.539685	3936.647006	4425.723773	3535.175154	3412.297551	4078.988696	3754.803736	3632.630378	3336.11258	3566.447733
				Unknown  088(100) 44(23.8) 76(17.7)	88				11.059			MCF in house library		MSI:4							43485.91005	66502.48753	319219.4321	195462.7344	244562.1883	133821.8196	121093.1934	11057.21529	8651.06029	354791.5356	8582.089032	355369.3607	7693.766654	452535.24	8023.654784	231269.9467	7427.349654	8275.558068	7669.482148	7821.711277	7861.907751	8149.526837	7828.43817	6340.885931	5435.437985	5862.107502	7554.197879	7240.66583	247354.8016	262619.1448	227523.6049	389153.3883	493180.7198	409615.5372	5926.558833	8829.738806	7196.923801	6114.426429	7684.668692	6977.754249	10084.74476	7345.995752	6877.992777	9432.980576	9880.287615	8361.323293	9402.751104	10305.09194	8342.262193	8905.985831	11284.06015	7597.643751	12025.3515	278017.399	156273.7144	335067.3999	108374.2385
				Unknown  088(100) 44(30.3) 59(19.6)	88				23.423			MCF in house library		MSI:4							2858.503317	4401.510553	4327.609804	4275.029124	3163.699647	2878.177125	2519.517987	864.7274912	1372.25549	2760.071024	1185.266965	3205.089334	1574.615214	2420.725583	1231.035278	3573.628101	1698.237634	1092.960809	1334.725878	1118.726958	1452.884433	1009.534978	833.3456162	1019.309881	1527.777592	1425.862352	1285.956078	917.5566447	4315.334715	4223.899258	5215.057935	4358.571274	5264.094126	5311.481048	1171.344041	1632.483733	1031.699059	1053.397013	930.3221773	1031.823209	1153.867199	1665.673343	1672.850165	1810.288011	1322.97487	1170.66776	1201.349328	1948.085873	1531.893862	1603.657644	1521.276655	1383.645044	1407.942375	5410.911469	7307.414866	4960.203233	7813.762761
				Unknown  088(100) 57(53.2) 59(45.8)	88				7.305			MCF in house library		MSI:4							6025.137174	13056.89189	6992.945877	7378.509948	6695.50988	5961.688329	7086.958558	314.6908755	691.4465649	4683.960142	967.4474467	4986.575735	456.9778814	3542.066717	561.5060999	10172.97956	703.6062926	598.0538728	415.3319563	971.5013648	963.7385889	1427.786062	336.2391331	621.5600827	582.8817844	511.0026926	541.7895404	444.1752988	5725.532676	5100.459616	4978.05418	7108.754452	5073.901684	5483.50687	1325.165825	428.542689	823.9972684	1333.987966	1534.397544	1165.282968	466.4569528	689.2441417	888.9041155	351.3883839	898.585284	1029.593633	1016.761697	644.7836126	656.9686422	432.8251094	589.8250057	665.013899	531.3877365	9523.743928	5757.197492	8883.696731	8588.082429
				Unknown  091(100) 106(54.7) 105(21.8)	91				5.734			MCF in house library		MSI:4														5297.296404	4256.828724		3256.607293		3071.761797		3828.936834		3359.209866	3960.247287	4304.349366	3508.095179	3432.91447	4755.748369	4986.887849	5195.074585	4115.459056	3898.456026	3741.705653	5389.732599							4006.438638	4628.512386	4428.701572	3977.400381	4719.627006	3734.881307	5287.876041	3986.920854	5207.734169	4881.167352	3724.044555	3560.67798	3989.540382	2962.952388	3809.591749	4727.424922	5887.869137	3674.781978	4291.543791				
				Unknown  091(100) 150(35.5) 65(11.2)	91				11.279			MCF in house library		MSI:4							1333.652183	1267.625812	612.0546897	837.5897045	974.410374	1639.172623	2149.537063			1029.576919		1099.425942		1370.159432		3221.679879													1251.769451	2327.454693	1182.092803	902.3267068	2201.184564	905.7086023																				1087.579712	1153.968745	1741.918561	774.3196683
				Unknown  091(100) 43(80.7) 57(75.1)	91				14.386			MCF in house library		MSI:4														340.2426987	343.0638726		364.1284782		204.552004		277.009676		220.9306013	650.6191386	220.8810859	651.7311279	430.9334462	323.7730475	387.6639417	290.7100974	218.2539417	282.2877778	261.3658084	343.1710528							347.4250629	394.6111564	241.7512647	272.0881971	344.69186	250.9840238	334.1577586	251.5345	465.1845152	496.3505885	476.2709531	241.7235052	348.778837	236.5478342	251.0116039	353.9186552	255.7481225	214.4689831	268.9856507				
				Unknown  101(100) 59(79.6) 145(35.3)	101				16.508			MCF in house library		MSI:4							2841.121594	2208.829326	1641.642675	1767.64644	1514.609809	1440.838569	2001.023593			1465.554116		996.3237801		1694.176151		1703.016855													1724.291694	1357.42226	1310.835584	2249.027715	1685.591783	1378.412037																				1443.809295	907.367205	1332.158819	1099.495785
				Unknown  102(100) 58(0.86) 59(0.75)	102				23.111			MCF in house library		MSI:4							1276.766545	4469.563258	21283.39133	19707.14812	12177.28052	8706.86497	3641.185509			14453.20303		20564.91591		21400.58542		14389.91229													15356.51235	18827.35327	15044.37416	19072.29815	56296.96279	51713.6087																				20409.43631	8780.70099	28201.31858	7215.858288
				Unknown  112(100) 43(60.3) 115(49.2)	112				10.569			MCF in house library		MSI:4							649.4443688	976.9600205	582.5817512	670.6104065	573.2496118	590.3354784	600.5676278	590.3815997	535.4278528	503.0506119	542.4938954	443.1410246	691.1246434	404.7444328	459.9002342	642.0154381	712.4790075	820.2165055	583.3526114	546.7039533	611.2301789	717.6084593	626.327797	671.4308525	674.3654725	557.363824	612.5761135	447.8260547	418.1775796	576.4111355	754.9008494	555.4678769	420.0458669	504.3150172	443.7846859	830.694186	475.5576522	554.5686517	409.2495328	393.4074976	706.5049754	867.496937	1271.158801	826.8644149	793.7849218	523.0467654	602.7143061	837.07411	553.6716859	583.6756837	566.2320055	616.1981976	847.3988507	626.1004793	849.4053046	589.1395437	847.7465334
				Unknown  113(100) 85(48.1) 59(21.2)	113				8.71			MCF in house library		MSI:4							12001.28949	14723.60645	13446.53698	17990.67275	12866.77558	11848.70972	12232.82001	29489.49367	34543.9612	13007.77093	45372.2167	11604.94146	41028.77984	11421.31285	46982.5523	17389.8519	42759.38771	38092.95713	38421.98171	44028.89197	35082.67185	41646.76786	42226.36078	73662.77614	40786.04199	51825.56341	59402.64012	92495.551	21730.4966	13579.41549	9731.783819	27669.70651	25116.21896	20825.41663	55877.97296	20831.44755	46897.47539	58861.74664	53813.43152	53742.45208	31446.29095	28163.94165	33482.91887	22321.86011	76493.88815	32056.00176	37219.39309	59713.83004	30484.99775	35545.03687	61643.791	55505.85323	48876.38565	22949.82102	10169.67889	20034.26174	9865.900601
				Unknown  114(100) 147(31.9) 115(27.2)	114				22.949			MCF in house library		MSI:4														450.5189884	882.9240751		750.4498886		746.8324233		626.7477611		692.0717632	815.2575182	674.914429	1065.275628	823.0586271	443.7283077	332.2833786	363.6917118	467.8737193	546.031103	448.3149631	303.0127381							607.3308351	834.4643563	501.6622488	679.275742	519.919829	509.9357944	582.3892364	593.1856909	518.3114376	676.1037221	430.6153497	858.819689	913.7597602	701.2498698	1104.244463	895.8203337	657.7728464	857.0756749	755.2289424				
				Unknown  114(100) 59(15.3) 82(14.4)	114				12.214			MCF in house library		MSI:4							2749.47251	7304.708158	3885.515727	7407.237569	4585.996895	2399.842053	1743.079145	498.9329693	806.687659	1556.103226	722.5032334	1673.427404	1327.411941	1532.720721	503.7511868	1581.833218	876.6242334	1090.977214	501.2301564	605.781739	899.0581467	1111.443871	544.5755372	1246.769246	832.501562	778.8670073	1212.446945	874.9644928	3723.069993	4886.512419	5043.400895	4660.992674	5755.349485	4349.165658	772.6450508	2064.796592	565.2212668	535.673638	861.1532422	756.9359448	823.8011682	2377.69423	3335.334101	1329.013492	859.1554448	515.6218113	688.3792836	1690.935486	867.6944332	1126.737751	681.3658466	889.8862282	1167.172002	3833.965866	4665.406059	4094.080172	4780.374996
				Unknown  114(100) 59(61.6) 146(33.7)	114				17.094			MCF in house library		MSI:4							1646.523193	2476.426404	2667.300935	3529.90645	2496.997812	1527.172216	1843.390875	1328.694808	2322.551282	1865.758825	2816.036493	2332.686422	2179.566886	1675.376546	2178.643668	2360.502544	1676.055847	1332.975796	1337.557687	2113.671888	2464.324848	1888.499185	1360.779551	1745.476944	1787.852648	2544.71099	2239.759775	1734.109043	3501.085859	2845.705426	3506.290121	2468.74612	4767.430451	3736.047984	1713.256417	1930.327186	1107.742884	1695.827478	1628.928422	1646.33568	1955.84582	2378.684524	1703.948851	1557.473926	2243.350328	2852.007363	2474.086136	2547.849092	2128.95027	1940.170464	2582.961665	2257.526124	2666.343775	2909.208261	3085.680809	3213.008795	4364.607293
				Unknown  115(100) 100(70.4) 56(60.1)	115				9.415			MCF in house library		MSI:4							6642.97841	5614.924888	3655.626806	3966.207197	4883.448482	3941.01432	4228.725639	3522.117106	4103.469421	3225.113367	3228.660638	3992.234689	3758.53427	2832.105171	3938.029448	6186.81142	2708.839863	3330.455895	3134.812334	3541.853914	4032.825572	4086.971255	2900.886639	3705.033291	4504.918186	4973.004027	4559.381325	2946.159996	4590.742416	3899.862728	5791.474475	4186.993419	3498.27899	3891.165285	2943.830685	4031.568758	2698.988298	2991.080667	2967.347317	2337.537714	3913.055549	5995.235681	3910.659797	3699.435461	3920.156124	4181.074144	2690.288223	4758.426755	4764.055626	4574.253569	4246.740041	3380.287255	3786.490314	4534.730626	5472.657254	5078.031142	6370.972541
				Unknown  115(100) 118(95.4) 86(69.3)	115				15.797			MCF in house library		MSI:4							4144.750802	6007.093019	6567.553131	5124.289425	5355.268242	5250.019076	6287.070221	7162.579499	14222.52396	6875.025029	16860.0527	6840.431923	14511.87664	5041.611665	8778.746797	5794.898382	12786.46946	11296.57315	11159.21452	11436.70912	19915.10816	11474.30449	7434.181304	9887.792391	10140.31337	10667.18121	12704.37483	6757.549136	6422.802341	6465.151926	8257.093787	6044.724874	8980.508523	10278.91045	10588.0661	16923.03768	8178.683631	9098.893841	6629.842431	8677.87222	13062.15859	21770.60806	17067.99564	16420.15884	19100.64424	18209.28739	11888.05527	24118.7224	16551.27131	14251.89811	13800.01769	20825.89856	20360.14464	7291.911616	8900.840202	8878.420855	10925.34537
				Unknown  115(100) 59(65.5) 189(50.1)	115				19.457			MCF in house library		MSI:4							3784.475093	5335.793453	4132.105979	5887.366862	4108.478828	2716.009869	3372.819064	208.4490842	550.497842	2589.033816	732.3667587	2109.62886	631.0646933	3612.8417	562.5756354	2383.707922	623.7518584	800.3805561	548.4269696	588.9023717	434.9759739	749.4549886	506.336577	248.137489	466.5668095	1101.334432	408.3840757	1342.261246	4680.088727	3757.577457	2540.719267	3598.19747	5046.860104	3802.946915	543.6804419	393.354433	468.7477574	701.0050078	798.9012006	660.327015	650.5846974	367.3988169	388.7335782	373.422639	434.7658591	555.2215664	530.3070037	260.9656751	612.550951	400.3342165	494.5092848	440.1415697	311.3085678	3537.10788	2245.760179	3160.25003	2843.62223
				Unknown  125(100) 184(90.5) 96(54.3)	125				22.518			MCF in house library		MSI:4							834.3226928	568.64379	698.5086427	834.89649	691.7743825	474.8350587	402.5496681	630.7265838	2233.017816	416.9730628	3467.851128	534.3467835	2024.629623	594.9521991	1146.541979	417.696791	1195.154699	1111.804961	1447.054293	3333.67505	2678.578813	2575.322666	946.7439121	463.4332514	778.9182589	936.494854	1129.862609	397.932391	963.4664059	439.3187574	525.6996871	636.9364989	829.275102	830.7229875	2550.435894	771.6281849	1727.443309	2508.313067	2035.872324	2265.827993	1104.766467	1121.012024	1043.101768	957.9102478	201.2997057	3619.252618	2252.784945	460.8867479	2058.70834	1223.050041	301.9904029	609.7961384	146.7194458	1564.351628	661.8195177	795.7780404	574.0645816
				Unknown  126(100) 127(46.7) 59(33.2)	126				10.056			MCF in house library		MSI:4							1347.873593	1955.073477	1176.952678	1393.289626	1336.822653	1158.50421	1377.00647	2813.39022	3246.252975	662.9089175	8832.786969	599.7770019	4420.064155	1041.719278	5918.809061	760.6206997	3739.849336	6729.345816	7239.047212	8854.165913	6873.913996	10772.6193	0	182.454036	0	427.5526561	0	361.4248322	911.8850304	1119.587755	961.6695576	1083.779547	1087.071492	829.2526813	4397.18133	280.2493245	2889.665352	6646.321064	5399.788201	4377.280892	369.6193983	228.7577539	300.6206338	686.5410009	218.9393706	10649.03415	7746.561538	141.9287005	15371.62007	9558.124467	198.1812019	140.8453023	151.4219922	952.6442637	757.7201166	812.4849827	749.5261813
				Unknown  127(100) 143(34.9) 101(32.5)	127				23.707			MCF in house library		MSI:4							2872.724726	1394.503736	2514.041655	2960.740456	2019.479746	2819.843579	1294.933236	988.4521089	531.881973	1826.632666	1200.884214	3080.177099	1377.026683	2703.825514	1224.618066	1929.913877	1479.081576	541.5214172	1732.123045	549.5171812	797.1864502	472.390184	1224.965312	994.9826763	1913.315992	2076.978686	1777.832009	928.5089124	2988.956489	3000.453641	3142.494234	1545.435071	2960.15156	4519.721174	401.3510904	404.6649439	320.0650547	537.5631394	293.9679742	684.2302554	381.8945813	563.4768917	522.1987734	692.339489	370.4329635	1129.418016	814.8371076	434.1797344	502.0232078	421.2212191	333.1331632	500.9611321	373.3821795	3225.85678	3187.904524	3003.73236	2724.422774
				Unknown  127(100) 159(49.8) 59(48.8)	127				10.636			MCF in house library		MSI:4							26571.91364	21297.03639	12120.25475	15900.73831	17841.39696	11942.04339	17555.85543	16029.06216	15516.77009	9651.864407	12691.06931	8846.95862	21363.93356	9205.171199	21048.45723	11607.84539	17922.88412	15977.8572	18939.13721	12882.70825	14287.90968	13790.60872	15609.40729	21485.78728	19223.3367	20893.41655	26775.47504	23588.75066	6750.712513	6853.580331	9790.303264	7575.347468	10223.51979	7366.969077	10991.18526	21092.84602	11653.99993	11322.83695	11418.63837	8629.069771	21317.90109	23679.89356	25169.20341	19139.64979	21549.44478	13958.91368	12109.35646	17892.17296	15293.11438	21536.82046	19017.84563	18930.88904	18539.3187	10292.87598	12664.14832	12050.98126	18926.96647
				Unknown  128(100) 139(21.1) 42(19.1)	128				19.573			MCF in house library		MSI:4							2368.654766	1995.443725	1268.318787	1792.783108	1424.57657	962.5034973	859.814825	827.0721727	481.3531855	1061.995736	617.2922961	1401.792861	973.1452788	1364.630137	939.0521062	1033.928477	829.5988444	386.8010123	786.2989082	557.0191223	475.4012502	515.913774	953.3368363	1053.367968	1257.247257	1034.368354	1195.204061	822.6369918	1817.322389	1701.191784	1960.401431	1122.045111	1340.360953	1466.630407	403.1191569	438.5964764	367.7343181	385.4582792	334.3165197	419.3026747	411.9005841	359.4764705	615.4948321	545.0578892	336.191261	813.4449696	523.1682556	439.5211371	547.4738685	438.6270546	392.5875238	412.9328181	458.9685229	1878.301438	2828.540741	1639.918282	3401.475686
				Unknown  128(100) 42(0.90) 129(0.88)	128				26.517			MCF in house library		MSI:4							1346.293436	1844.343651	5841.536413	4925.889291	4095.942554	3721.68019	2092.216074			6005.306416		8483.126951		6461.534757		4674.594334													5225.377553	6387.258529	6196.233975	4963.414074	11685.56785	12715.20778																				8554.90741	4235.434143	10274.7695	3577.890881
				Unknown  128(100) 42(10.5) 129(6.8)	128				20.862			MCF in house library		MSI:4							8227.875495	30072.37503	58497.88835	61462.74548	45531.7465	39526.81029	24179.03508	2124.835826	5963.283387	60840.05889	7977.126143	78809.70669	6718.880507	53567.8151	4324.131737	50123.61492	9370.47422	5008.57721	5575.831514	6504.182882	8890.326782	3854.491591	3015.60352	9317.319439	6356.809415	9284.589246	9730.431243	5259.522306	45082.12215	67474.37595	69747.37667	44654.67981	89302.11185	102286.2598	8596.339215	2003.217144	5920.068529	7607.13251	3911.503281	6641.116948	2819.200355	4058.221972	4404.351441	2306.638599	11806.12397	5567.065573	5263.297012	23428.91839	2617.544873	2731.555784	12142.84536	13469.93255	8343.257718	76189.95142	47861.77582	85265.19892	48229.05362
				Unknown  128(100) 42(11.8) 82(0.77)	128				15.241			MCF in house library		MSI:4														3965.911931	2520.234082		2673.837336		2941.196688		2952.987318		2921.785021	2755.213364	2837.472411	2398.745648	2404.495439	3200.576191	3775.108385	3971.416184	2958.843856	3452.358917	2668.109294	3396.419888							2716.634143	3677.172751	3524.120549	2614.125144	3151.79781	3454.018232	3495.699328	2737.170701	4296.801818	3653.047555	4118.342947	2848.707383	3123.712216	2766.846603	2910.908229	3114.484165	3373.799033	2697.667694	4407.226431				
				Unknown  131(100) 71(89.6) 103(88.8)	131				17.117			MCF in house library		MSI:4							712.6506334	663.2255157	1223.126948	1376.232601	1043.929711	731.502658	647.4666182	0	231.3686582	1323.582054	313.1669305	1126.19285	241.9806686	1563.684776	211.7680148	844.4178955	236.9014882	201.3348859	176.5160814	434.1748377	350.0828935	219.7410519	0	218.9448432	0	282.2877778	298.5741353	435.6568685	1678.236894	1044.810094	954.8422889	2209.527777	4322.145776	3388.320574	404.8872234	0	346.1696513	433.6405641	0	376.4760357	0	179.2430886	226.7612539	0	505.3245188	185.6238521	182.5479878	847.7569154	0	0	469.0288446	650.6092658	348.9289385	2617.747693	922.1211433	2766.317917	706.6143771
				Unknown  135(100) 180(28.0) 77(19.9)	135				15.928			MCF in house library		MSI:4							2577.235439	4259.637964	1594.485973	2472.370896	1488.3976	690.6691763	597.9621283			318.5987209		520.4676463		340.6046047		720.6558833													1362.30097	1284.721756	2395.395977	3603.134962	3353.155847	2896.50316																				3784.489535	2000.212491	3340.509144	3107.768225
				Unknown  142(100) 153(51.8) 59(22.0)	142				22.031			MCF in house library		MSI:4							3757.612431	4538.769399	3697.871352	4143.959353	2805.846013	3211.845004	3165.681856	879.520652	1192.302089	2871.860049	900.04669	3342.88934	1379.637985	2756.906751	1390.396057	4706.824025	1648.550431	1026.510379	1089.302449	1163.738604	1262.885634	1134.797993	1044.31919	1181.085793	1569.598706	1534.038325	1218.799586	919.990482	3357.394885	3755.500299	4619.134913	3759.90034	4458.255059	4016.876463	1055.535687	1518.121901	878.4764267	1000.490975	889.9736318	881.4319884	1239.79348	1610.216917	1631.38525	1711.713712	1290.808422	1084.043296	1256.41967	1176.634711	1570.113736	1495.741464	1126.801691	1022.728957	1227.364595	4460.965915	6466.440383	4114.304366	6791.508223
				Unknown  142(100) 59(19.9) 141(17.0)	142				29.233			MCF in house library		MSI:4							925.9717765	1384.122815	2100.438084	2399.654105	1618.318984	966.0035101	1012.236544			983.7434188		1656.574166		1631.142181		1701.727667													1982.198571	2215.288202	2233.492177	1357.810366	3169.273107	3124.400617																				3015.357481	2481.823191	2157.833493	2863.647739
				Unknown  144(100) 88(66.2) 70(62.9)	144				24.892			MCF in house library		MSI:4							696.8490673	1794.745917	7244.448286	5671.011965	3635.519407	2635.509576	1190.713258			3341.373953		5991.821818		5099.116338		3354.466205													3875.971927	5569.897153	5544.717479	3948.759419	9560.099708	12674.03921																				7173.168422	3628.414967	8028.125424	2704.397265
				Unknown  149(100) 167(32.8) 57(17.4)	149				32.036			MCF in house library		MSI:4							741.0934525	712.8232499	901.8719184	902.2268521	843.3493295	875.0031794	669.6133637			627.1364295		826.8000324		706.6439688		665.2208153													895.3053026	1251.48724	924.6072419	666.5614523	932.9344898	1018.187024																				899.5696541	970.5983691	753.5710283	622.6979598
				Unknown  160(100) 59(43.4) 116(22.7)	160				14.748			MCF in house library		MSI:4							9300.801837	12786.98794	11864.82261	16281.37929	10845.01651	7604.360964	10242.21842			12880.33145		16219.75459		15540.63802		14794.7172													11104.73326	13180.6013	12581.68082	12695.52692	17025.3784	14991.24173																				13755.31958	12410.16981	13407.76084	13373.2254
				Unknown  161(100) 236(82.4) 121(79.4)	161				26.682			MCF in house library		MSI:4							1832.981674	2709.420411	2342.11618	3804.614328	2332.886591	4553.516546	3040.617881			1894.823972		2185.964114		2355.479896		2176.148714													1949.960212	2453.122707	1882.375503	1454.091465	2030.822614	2771.527135																				2510.698905	1951.735266	1841.280902	1515.263489
				Unknown  198(100) 138(61.7) 166(40.8)	198				20.759			MCF in house library		MSI:4							327.0924193	2124.628522	2008.089544	2967.922361	1564.754905	1613.505863	1341.832227			1625.412422		1423.602933		1418.817233		1254.379561													2285.239152	1950.450653	1830.683326	1998.449984	4205.866985	2808.284789																				2823.749144	396.2486284	5033.186191	422.4428732
				Unknown  232(100) 128(72.0) 156(51.0)	232				22.346			MCF in house library		MSI:4														789.4168543	1092.130984		914.8419781		1196.846832		1381.839774		612.217329	653.594531	652.2599587	742.692163	708.2508422	918.2415936	477.3277106	695.7580573	1207.584683	1048.791817	1560.027169	817.7693173							1238.530568	525.310393	626.5103198	670.7729859	1664.665705	961.1094563	1181.145384	880.37075	488.5085299	550.8563774	835.2900157	1007.318771	1067.752756	664.6231083	723.0786943	647.4970806	857.8414883	567.3824962	533.2687551				
				Unknown  249(100) 57(31.8) 264(22.9)	249				17.584			MCF in house library		MSI:4							3575.89442	2248.046139	2379.448569	2007.342529	2169.915032	2142.007783	2576.838976	1931.179903	1332.364342	1921.653337	1413.77197	1541.5756	1509.33266	2158.636975	1772.220205	2735.656144	1181.845626	1501.581366	1612.24314	1349.411645	1243.481501	1439.463122	1625.815103	2193.097513	1489.877207	1488.707441	1421.176583	1858.234743	2041.148715	2866.476998	2100.8481	2276.183922	2255.267723	1323.275555	1412.685116	2179.158424	1624.159905	1554.114876	1972.467466	1448.137979	1883.558631	1439.886469	2275.387211	1638.652761	1435.038623	1343.916689	1724.517583	1297.1978	1440.992541	1971.500968	1566.575215	1328.427283	1278.152096	1747.863838	2227.844682	1913.384548	1781.316675
CHEBI:27266	C5H11NO2	CC(C)C(N)C(O)=O	InChI=1S/C5H11NO2/c1-3(2)4(6)5(7)8/h3-4H,6H2,1-2H3,(H,7,8)	Valine	130				12.863			MCF in house library		MSI:1							660581.3126	807072.7861	640010.7543	708020.9512	642805.4176	608908.8792	482913.6937	204242.4472	314250.0531	472339.931	316264.0775	631365.9183	339538.918	467964.1862	268051.2472	596450.3906	326288.7673	305061.0322	289010.6297	317122.0517	374836.0987	326651.9737	214771.0981	318472.3035	304206.7874	303041.0807	305623.752	197978.0576	506558.5821	592637.8879	721521.3576	544230.1446	565810.7966	668248.2742	303824.5435	392902.0126	270797.7359	315743.2367	236465.5329	255477.833	303769.8612	407588.8805	451552.9244	346090.8851	428731.0185	350695.4313	291946.2434	509356.1622	349854.3954	330330.2669	366616.3492	429654.9968	441813.6338	750399.4158	754727.1748	803959.1662	929244.632
